ticker,horizon,used,conformal_cov,ci_lo,ci_hi,normal_cov,multiplier,n_independent,n_calibration,reason
SPY,5,True,0.8145,0.7423,0.87,0.7943548387096774,1.3277,99,600,
SPY,20,True,0.7996,0.6371,0.9006,0.8164556962025317,1.2214,23,593,
SPY,60,False,0.8274,0.5065,0.9573,0.8274111675126904,1.1853,6,573,the history holds only about 6 independent 60-day test periods for checking the coverage (need at least 8)
SPY,120,True,0.8343,0.6393,0.9347,0.7545731707317073,1.4601,16,2327,
SPY,180,True,0.864,0.6044,0.9635,0.6302083333333334,1.6756,9,2267,
SPY,256,False,0.8399,0.4912,0.9661,0.5948033707865169,1.8082,5,2191,the history holds only about 5 independent 256-day test periods for checking the coverage (need at least 8)
QQQ,5,True,0.8286,0.7579,0.8819,0.7983870967741935,1.3531,99,600,
QQQ,20,True,0.8143,0.6536,0.9107,0.8459915611814346,1.2041,23,593,
QQQ,60,False,0.7868,0.4666,0.9397,0.799492385786802,1.2666,6,573,the history holds only about 6 independent 60-day test periods for checking the coverage (need at least 8)
QQQ,120,True,0.8618,0.6709,0.9502,0.766260162601626,1.4553,16,2327,
QQQ,180,True,0.8843,0.6276,0.9719,0.6620370370370371,1.6728,9,2267,
QQQ,256,False,0.9537,0.6142,0.9963,0.586376404494382,1.8529,5,2191,the history holds only about 5 independent 256-day test periods for checking the coverage (need at least 8)
AAPL,5,True,0.8044,0.7312,0.8615,0.7661290322580645,1.358,99,600,
AAPL,20,True,0.8122,0.6512,0.9093,0.7341772151898734,1.4839,23,593,
AAPL,60,False,0.8782,0.5595,0.9761,0.7614213197969543,1.4478,6,573,the history holds only about 6 independent 60-day test periods for checking the coverage (need at least 8)
AAPL,120,True,0.8089,0.6109,0.9195,0.7311991869918699,1.4749,16,2327,
AAPL,180,True,0.8646,0.6051,0.9638,0.7413194444444444,1.5009,9,2267,
AAPL,256,False,0.9579,0.6192,0.9969,0.8679775280898876,1.5311,5,2191,the history holds only about 5 independent 256-day test periods for checking the coverage (need at least 8)
MSFT,5,True,0.8206,0.749,0.8752,0.7963709677419355,1.3371,99,600,
MSFT,20,True,0.7194,0.5514,0.8425,0.7447257383966245,1.4012,23,593,
MSFT,60,False,0.703,0.39,0.8976,0.5634517766497462,1.7423,6,573,the history holds only about 6 independent 60-day test periods for checking the coverage (need at least 8)
MSFT,120,True,0.874,0.6854,0.9567,0.720020325203252,1.6093,16,2327,
MSFT,180,True,0.9392,0.6948,0.9906,0.7100694444444444,1.7136,9,2267,
MSFT,256,False,1.0,0.6728,1.0,0.8202247191011236,1.7976,5,2191,the history holds only about 5 independent 256-day test periods for checking the coverage (need at least 8)
NVDA,5,True,0.8246,0.7534,0.8785,0.8064516129032258,1.2938,99,600,
NVDA,20,True,0.8376,0.6799,0.926,0.810126582278481,1.2997,23,593,
NVDA,60,False,0.6853,0.3746,0.8878,0.6015228426395939,1.7889,6,573,the history holds only about 6 independent 60-day test periods for checking the coverage (need at least 8)
NVDA,120,True,0.7937,0.5943,0.91,0.6234756097560976,1.7326,16,2327,
NVDA,180,True,0.7859,0.5207,0.9254,0.5850694444444444,1.9405,9,2267,
NVDA,256,False,0.8111,0.4633,0.9553,0.5512640449438202,2.1315,5,2191,the history holds only about 5 independent 256-day test periods for checking the coverage (need at least 8)
TSLA,5,True,0.8206,0.749,0.8752,0.8245967741935484,1.206,99,600,
TSLA,20,True,0.8608,0.707,0.9406,0.79957805907173,1.3349,23,593,
TSLA,60,False,0.967,0.6638,0.9977,0.8654822335025381,1.4253,6,573,the history holds only about 6 independent 60-day test periods for checking the coverage (need at least 8)
TSLA,120,True,0.7932,0.5937,0.9096,0.7510162601626016,1.3794,16,2327,
TSLA,180,True,0.7772,0.5118,0.9207,0.7563657407407407,1.271,9,2267,
TSLA,256,False,0.9017,0.5551,0.9854,0.8644662921348315,1.2827,5,2191,the history holds only about 5 independent 256-day test periods for checking the coverage (need at least 8)
AMZN,5,True,0.8226,0.7512,0.8768,0.8125,1.2884,99,600,
AMZN,20,True,0.7932,0.6301,0.8963,0.7721518987341772,1.3871,23,593,
AMZN,60,False,0.8731,0.554,0.9744,0.8147208121827412,1.3601,6,573,the history holds only about 6 independent 60-day test periods for checking the coverage (need at least 8)
AMZN,120,True,0.9014,0.7188,0.9703,0.8526422764227642,1.3212,16,2327,
AMZN,180,True,0.9537,0.7137,0.9942,0.7696759259259259,1.5716,9,2267,
AMZN,256,False,1.0,0.6728,1.0,0.7591292134831461,2.043,5,2191,the history holds only about 5 independent 256-day test periods for checking the coverage (need at least 8)
GOOGL,5,True,0.8004,0.7268,0.858,0.7479838709677419,1.4155,99,600,
GOOGL,20,True,0.7278,0.5601,0.8489,0.6983122362869199,1.5289,23,593,
GOOGL,60,False,0.6777,0.3681,0.8836,0.5736040609137056,1.7611,6,573,the history holds only about 6 independent 60-day test periods for checking the coverage (need at least 8)
GOOGL,120,True,0.7576,0.5558,0.8865,0.7764227642276422,1.3484,16,2327,
GOOGL,180,True,0.735,0.47,0.8966,0.6903935185185185,1.4907,9,2267,
GOOGL,256,False,0.6791,0.3471,0.8939,0.5540730337078652,1.766,5,2191,the history holds only about 5 independent 256-day test periods for checking the coverage (need at least 8)
META,5,True,0.7863,0.7115,0.8459,0.7338709677419355,1.4383,99,600,
META,20,True,0.8165,0.6559,0.9121,0.6729957805907173,1.8288,23,593,
META,60,False,0.764,0.445,0.9289,0.6040609137055838,1.8637,6,573,the history holds only about 6 independent 60-day test periods for checking the coverage (need at least 8)
META,120,True,0.8115,0.6137,0.921,0.7698170731707317,1.4618,16,2327,
META,180,True,0.7321,0.4672,0.8949,0.6626157407407407,1.75,9,2267,
META,256,False,0.6917,0.3575,0.9005,0.6172752808988764,1.7571,5,2191,the history holds only about 5 independent 256-day test periods for checking the coverage (need at least 8)
JPM,5,True,0.8125,0.7401,0.8683,0.8104838709677419,1.2595,99,600,
JPM,20,True,0.8165,0.6559,0.9121,0.7953586497890295,1.2759,23,593,
JPM,60,False,0.6954,0.3833,0.8935,0.8629441624365483,1.0627,6,573,the history holds only about 6 independent 60-day test periods for checking the coverage (need at least 8)
JPM,120,True,0.7973,0.5981,0.9122,0.703760162601626,1.5999,16,2327,
JPM,180,True,0.7581,0.4927,0.91,0.6319444444444444,1.7903,9,2267,
JPM,256,False,0.6742,0.3431,0.8913,0.6004213483146067,1.6249,5,2191,the history holds only about 5 independent 256-day test periods for checking the coverage (need at least 8)
KO,5,True,0.8327,0.7624,0.8853,0.7923387096774194,1.3313,99,600,
KO,20,True,0.8861,0.7374,0.9556,0.79957805907173,1.4619,23,593,
KO,60,False,0.9898,0.6941,0.9998,0.7741116751269036,1.8165,6,573,the history holds only about 6 independent 60-day test periods for checking the coverage (need at least 8)
KO,120,True,0.7978,0.5987,0.9125,0.7830284552845529,1.348,16,2327,
KO,180,True,0.783,0.5177,0.9238,0.7876157407407407,1.3085,9,2267,
KO,256,False,0.7402,0.3987,0.9245,0.7935393258426966,1.2773,5,2191,the history holds only about 5 independent 256-day test periods for checking the coverage (need at least 8)
XOM,5,True,0.8044,0.7312,0.8615,0.7741935483870968,1.378,99,600,
XOM,20,True,0.8228,0.6631,0.9163,0.7616033755274262,1.3968,23,593,
XOM,60,False,0.7513,0.4332,0.9227,0.7842639593908629,1.2856,6,573,the history holds only about 6 independent 60-day test periods for checking the coverage (need at least 8)
XOM,120,True,0.7464,0.5442,0.8789,0.7820121951219512,1.2489,16,2327,
XOM,180,True,0.702,0.4385,0.8766,0.6637731481481481,1.6969,9,2267,
XOM,256,False,0.9164,0.5713,0.989,0.7120786516853933,1.7681,5,2191,the history holds only about 5 independent 256-day test periods for checking the coverage (need at least 8)
PFE,5,True,0.8246,0.7534,0.8785,0.8064516129032258,1.2758,99,600,
PFE,20,True,0.8354,0.6775,0.9246,0.8059071729957806,1.2974,23,593,
PFE,60,False,0.7792,0.4593,0.9361,0.7817258883248731,1.3719,6,573,the history holds only about 6 independent 60-day test periods for checking the coverage (need at least 8)
PFE,120,True,0.8521,0.6597,0.9449,0.8135162601626016,1.3511,16,2327,
PFE,180,True,0.8368,0.5743,0.9512,0.7986111111111112,1.4025,9,2267,
PFE,256,False,0.861,0.5124,0.9733,0.75,1.5499,5,2191,the history holds only about 5 independent 256-day test periods for checking the coverage (need at least 8)
JNJ,5,True,0.8024,0.729,0.8598,0.7782258064516129,1.3747,99,600,
JNJ,20,True,0.7447,0.5778,0.8615,0.6476793248945147,1.7771,23,593,
JNJ,60,False,0.6168,0.3179,0.8475,0.5228426395939086,1.8585,6,573,the history holds only about 6 independent 60-day test periods for checking the coverage (need at least 8)
JNJ,120,True,0.8303,0.6347,0.9323,0.8887195121951219,1.1083,16,2327,
JNJ,180,True,0.7575,0.4921,0.9097,0.8362268518518519,1.1245,9,2267,
JNJ,256,False,0.7353,0.3944,0.9221,0.8237359550561798,0.9546,5,2191,the history holds only about 5 independent 256-day test periods for checking the coverage (need at least 8)
PG,5,True,0.8387,0.7691,0.8903,0.7923387096774194,1.3011,99,600,
PG,20,True,0.7954,0.6325,0.8977,0.8438818565400844,1.1445,23,593,
PG,60,False,0.7792,0.4593,0.9361,0.9568527918781726,0.891,6,573,the history holds only about 6 independent 60-day test periods for checking the coverage (need at least 8)
PG,120,True,0.9548,0.7891,0.9917,0.842479674796748,1.2648,16,2327,
PG,180,True,0.9844,0.7565,0.9992,0.8831018518518519,1.3143,9,2267,
PG,256,False,0.9768,0.6426,0.999,0.9403089887640449,1.1735,5,2191,the history holds only about 5 independent 256-day test periods for checking the coverage (need at least 8)
WMT,5,True,0.7964,0.7224,0.8546,0.780241935483871,1.3888,99,600,
WMT,20,True,0.865,0.712,0.9432,0.7151898734177216,1.6389,23,593,
WMT,60,False,0.9822,0.6838,0.9993,0.817258883248731,1.8191,6,573,the history holds only about 6 independent 60-day test periods for checking the coverage (need at least 8)
WMT,120,True,0.8166,0.6194,0.9241,0.75,1.54,16,2327,
WMT,180,True,0.7604,0.495,0.9113,0.6927083333333334,1.6169,9,2267,
WMT,256,False,0.7416,0.3999,0.9251,0.6769662921348315,1.805,5,2191,the history holds only about 5 independent 256-day test periods for checking the coverage (need at least 8)
UNH,5,True,0.7722,0.6962,0.8337,0.7600806451612904,1.4367,99,600,
UNH,20,True,0.7595,0.5935,0.8723,0.6118143459915611,1.757,23,593,
UNH,60,False,0.7665,0.4473,0.9301,0.6395939086294417,1.5721,6,573,the history holds only about 6 independent 60-day test periods for checking the coverage (need at least 8)
UNH,120,True,0.8699,0.6805,0.9545,0.8455284552845529,1.3286,16,2327,
UNH,180,True,0.8895,0.6337,0.974,0.8026620370370371,1.4695,9,2267,
UNH,256,False,0.8687,0.5203,0.9758,0.714185393258427,1.7196,5,2191,the history holds only about 5 independent 256-day test periods for checking the coverage (need at least 8)
XLE,5,True,0.8105,0.7379,0.8666,0.7883064516129032,1.3862,99,600,
XLE,20,True,0.7932,0.6301,0.8963,0.7974683544303798,1.2781,23,593,
XLE,60,False,0.6954,0.3833,0.8935,0.766497461928934,1.2569,6,573,the history holds only about 6 independent 60-day test periods for checking the coverage (need at least 8)
XLE,120,True,0.7932,0.5937,0.9096,0.7738821138211383,1.4296,16,2327,
XLE,180,True,0.7714,0.506,0.9175,0.6921296296296297,1.6469,9,2267,
XLE,256,False,0.915,0.5697,0.9887,0.7549157303370787,1.6148,5,2191,the history holds only about 5 independent 256-day test periods for checking the coverage (need at least 8)
TLT,5,True,0.8367,0.7669,0.8886,0.8044354838709677,1.3189,99,600,
TLT,20,True,0.8945,0.7478,0.9604,0.8059071729957806,1.3987,23,593,
TLT,60,False,0.9797,0.6804,0.9991,0.8654822335025381,1.4995,6,573,the history holds only about 6 independent 60-day test periods for checking the coverage (need at least 8)
TLT,120,True,0.7983,0.5992,0.9128,0.7474593495934959,1.3504,16,2327,
TLT,180,True,0.8287,0.5656,0.9473,0.7557870370370371,1.5438,9,2267,
TLT,256,False,0.9558,0.6167,0.9966,0.8546348314606742,1.5392,5,2191,the history holds only about 5 independent 256-day test periods for checking the coverage (need at least 8)
GLD,5,True,0.7863,0.7115,0.8459,0.780241935483871,1.3324,99,600,
GLD,20,True,0.7426,0.5756,0.8599,0.729957805907173,1.3996,23,593,
GLD,60,False,0.6168,0.3179,0.8475,0.5203045685279187,1.6354,6,573,the history holds only about 6 independent 60-day test periods for checking the coverage (need at least 8)
GLD,120,True,0.6712,0.4686,0.8254,0.6509146341463414,1.648,16,2327,
GLD,180,True,0.6157,0.3608,0.8198,0.5775462962962963,2.0163,9,2267,
GLD,256,False,0.691,0.3569,0.9001,0.6327247191011236,2.2151,5,2191,the history holds only about 5 independent 256-day test periods for checking the coverage (need at least 8)
