ticker,shuffled k-fold (leaky),"walk-forward, no embargo",walk-forward + embargo (used)
SPY,0.09243863323887103,-0.10215448287889961,-0.12023130050201392
QQQ,0.11447833374204774,-0.06104843996008236,-0.06928684363433901
AAPL,0.0887556987736211,-0.07960867052464016,-0.07025576846551806
MSFT,0.06556472270378488,-0.09036505855855514,-0.09691299201265235
NVDA,0.1340243810709888,-0.12168891467106979,-0.12262596731503983
TSLA,0.11495121810568298,-0.10222045940152147,-0.10921940668846752
AMZN,0.08402406710940058,-0.05495277735736548,-0.06829937352851578
GOOGL,0.10401737539928546,-0.08484556292529488,-0.09054567838727534
META,0.0927604320861698,-0.3654289300112463,-0.3865877559650699
JPM,0.1370464451425567,-0.02492435352676803,-0.029109886912063176
KO,0.13828311215945777,-0.04349204002174645,-0.05396685636510634
XOM,0.09932008937148185,-0.07824697801690772,-0.08737811334002155
PFE,0.07865172246981456,-0.14630532806554752,-0.1628293619640575
JNJ,0.1049959748659961,-0.03481895553656278,-0.05269803086476488
PG,0.17839425010750054,-0.05712000984973331,-0.07070020053575643
WMT,0.1361145270326375,-0.10837531587840932,-0.11854036086904696
UNH,0.20193131732666458,-0.09009600160754627,-0.08375204752608623
XLE,0.14461221063197016,-0.021246510666531382,-0.038119497902534105
TLT,0.08216146575760708,-0.2594309747813255,-0.27162446394747186
GLD,0.10678962151489457,0.019498251288098123,0.01569064321345126
