ticker,horizon,model,skill,ci_lo,ci_hi,verdict,hit_rate,up_rate,n_independent
SPY,5,naive,0.0,0.0,0.0,baseline,,0.6,120
SPY,5,drift,0.010296541766541045,0.0012978055397829368,0.02311821652332161,not_better,0.6,0.6,120
SPY,5,ewma,-0.008279372428400933,-0.02561351065110953,0.012726999284234104,not_better,0.5733333333333334,0.6,120
SPY,5,ridge_ar,0.001956858782477644,-0.014877050248750434,0.020236763133907907,inconclusive,0.5666666666666667,0.6,120
SPY,5,gbm,-0.07187178548861417,-0.11004080849119062,-0.037890275203366984,not_better,0.4866666666666667,0.6,120
SPY,20,naive,0.0,0.0,0.0,baseline,,0.7217537942664418,29
SPY,20,drift,0.04579620897971981,0.00685045141055709,0.09241724896440294,better,0.7217537942664418,0.7217537942664418,29
SPY,20,ewma,-0.015205703131920822,-0.08070579124220709,0.06975154011520342,not_better,0.6981450252951096,0.7217537942664418,29
SPY,20,ridge_ar,-0.009288469422399803,-0.0664211689171351,0.05687154549986086,not_better,0.6391231028667791,0.7217537942664418,29
SPY,20,gbm,-0.12023130050201392,-0.2250349948511557,-0.03202866028842765,not_better,0.5598650927487352,0.7217537942664418,29
SPY,60,naive,0.0,0.0,0.0,baseline,,0.837696335078534,9
SPY,60,drift,0.14335455072670655,0.020069816549283363,0.23040999754635977,better,0.837696335078534,0.837696335078534,9
SPY,60,ewma,-0.03230556765668369,-0.21560536692932547,0.13618698048038944,not_better,0.7609075043630017,0.837696335078534,9
SPY,60,ridge_ar,0.04502201672269157,-0.11271196404232402,0.21129246927333334,inconclusive,0.7888307155322862,0.837696335078534,9
SPY,60,gbm,-0.00419174087178642,-0.17345472086015487,0.1561932374998723,not_better,0.6841186736474695,0.837696335078534,9
QQQ,5,naive,0.0,0.0,0.0,baseline,,0.5866666666666667,120
QQQ,5,drift,0.008265782891994533,0.0008046290651275877,0.017491299381033713,not_better,0.5866666666666667,0.5866666666666667,120
QQQ,5,ewma,-0.010344564395619704,-0.02620508853585897,0.008952633637674082,not_better,0.5683333333333334,0.5866666666666667,120
QQQ,5,ridge_ar,-0.009174735090127228,-0.028427661651474968,0.012119115126983864,not_better,0.5716666666666667,0.5866666666666667,120
QQQ,5,gbm,-0.05033031122620546,-0.09356220410218966,-0.013135042072559257,not_better,0.5333333333333333,0.5866666666666667,120
QQQ,20,naive,0.0,0.0,0.0,baseline,,0.6812816188870152,29
QQQ,20,drift,0.03278402335010544,-0.0008441880209191237,0.05926292740064064,inconclusive,0.6812816188870152,0.6812816188870152,29
QQQ,20,ewma,-0.034070536624831504,-0.11060114094712686,0.029603530340737594,not_better,0.6458684654300169,0.6812816188870152,29
QQQ,20,ridge_ar,-0.04845553289052562,-0.1403358600515345,0.04866928267858807,not_better,0.6222596964586846,0.6812816188870152,29
QQQ,20,gbm,-0.06928684363433901,-0.16906150671621992,0.013778293999671405,not_better,0.6037099494097807,0.6812816188870152,29
QQQ,60,naive,0.0,0.0,0.0,baseline,,0.7469458987783595,9
QQQ,60,drift,0.11156825736317111,0.019082949892176595,0.1798763889321455,better,0.7469458987783595,0.7469458987783595,9
QQQ,60,ewma,-0.10623791607226085,-0.25189843967417286,0.03018413405791129,not_better,0.6649214659685864,0.7469458987783595,9
QQQ,60,ridge_ar,0.007998251703047021,-0.15319292167068857,0.15821690383016399,inconclusive,0.6928446771378709,0.7469458987783595,9
QQQ,60,gbm,-0.03596232698113799,-0.2732662280091807,0.11844869461734317,not_better,0.612565445026178,0.7469458987783595,9
AAPL,5,naive,0.0,0.0,0.0,baseline,,0.5683333333333334,120
AAPL,5,drift,0.0016227013520900835,-0.003889600174141006,0.0075375196504091305,inconclusive,0.5283333333333333,0.5683333333333334,120
AAPL,5,ewma,-0.014448957522032124,-0.02884701960031677,0.0010090303254485847,not_better,0.5433333333333333,0.5683333333333334,120
AAPL,5,ridge_ar,0.0029787382473455137,-0.005836432491261046,0.012197689500149822,inconclusive,0.5216666666666666,0.5683333333333334,120
AAPL,5,gbm,-0.016984997900387988,-0.041506115219209404,0.00213909871962311,not_better,0.44666666666666666,0.5683333333333334,120
AAPL,20,naive,0.0,0.0,0.0,baseline,,0.6492411467116358,29
AAPL,20,drift,0.005939369046708554,-0.013500004719590421,0.028110609543119357,inconclusive,0.5413153456998314,0.6492411467116358,29
AAPL,20,ewma,-0.0411822945439142,-0.11744352644627865,0.026118664775258364,not_better,0.5902192242833052,0.6492411467116358,29
AAPL,20,ridge_ar,0.0020028662047874013,-0.02408328048729731,0.03662892007951022,inconclusive,0.5716694772344013,0.6492411467116358,29
AAPL,20,gbm,-0.07025576846551806,-0.12167043547215234,-0.00259068414293035,not_better,0.5362563237774031,0.6492411467116358,29
AAPL,60,naive,0.0,0.0,0.0,baseline,,0.7242582897033158,9
AAPL,60,drift,0.0463276065756103,-0.04425738884051214,0.10760231280565502,inconclusive,0.7242582897033158,0.7242582897033158,9
AAPL,60,ewma,-0.12487959628617085,-0.3169875160950371,-0.028087360145902338,not_better,0.5619546247818499,0.7242582897033158,9
AAPL,60,ridge_ar,0.030303317447588296,-0.06374104383970146,0.09373369886086809,inconclusive,0.6614310645724258,0.7242582897033158,9
AAPL,60,gbm,-0.024402194792844334,-0.19094171729147372,0.03781462239240277,not_better,0.6335078534031413,0.7242582897033158,9
MSFT,5,naive,0.0,0.0,0.0,baseline,,0.555,120
MSFT,5,drift,-0.0003122654832961036,-0.005802458078703954,0.005042174036402708,not_better,0.555,0.555,120
MSFT,5,ewma,-0.01692598761891473,-0.029052967071287582,-0.002829518681145492,not_better,0.5383333333333333,0.555,120
MSFT,5,ridge_ar,-0.004753109181584003,-0.014073549105813911,0.00398173950251875,not_better,0.5216666666666666,0.555,120
MSFT,5,gbm,-0.03128047258287947,-0.06095013458080476,-0.003041007068496601,not_better,0.5583333333333333,0.555,120
MSFT,20,naive,0.0,0.0,0.0,baseline,,0.5109612141652614,29
MSFT,20,drift,-0.0028309721188684023,-0.02956527616980145,0.01567306424715524,not_better,0.5109612141652614,0.5109612141652614,29
MSFT,20,ewma,-0.06940290338429422,-0.11781926611555714,-0.021791450105096127,not_better,0.5413153456998314,0.5109612141652614,29
MSFT,20,ridge_ar,-0.007680933735088491,-0.04271383091567363,0.013823110289672902,not_better,0.4671163575042159,0.5109612141652614,29
MSFT,20,gbm,-0.09691299201265235,-0.16339712372189313,-0.05619676970963433,not_better,0.44013490725126475,0.5109612141652614,29
MSFT,60,naive,0.0,0.0,0.0,baseline,,0.5479930191972077,9
MSFT,60,drift,-0.019727817492423583,-0.1802435637901722,0.06199231385783484,not_better,0.5479930191972077,0.5479930191972077,9
MSFT,60,ewma,-0.22825111005098342,-0.40264364901666155,-0.1422110071139359,not_better,0.3787085514834206,0.5479930191972077,9
MSFT,60,ridge_ar,-0.0369217012463261,-0.2259691293523585,0.016778913190921767,not_better,0.5322862129144852,0.5479930191972077,9
MSFT,60,gbm,-0.17729545950866132,-0.49445768377015453,-0.028634758059301844,not_better,0.4694589877835951,0.5479930191972077,9
NVDA,5,naive,0.0,0.0,0.0,baseline,,0.5766666666666667,120
NVDA,5,drift,0.007139356665664898,-0.009572952040872362,0.025846893870697094,inconclusive,0.5766666666666667,0.5766666666666667,120
NVDA,5,ewma,-0.014490555148593653,-0.0385337259133798,0.013334103221700916,not_better,0.5533333333333333,0.5766666666666667,120
NVDA,5,ridge_ar,2.2938455141341407e-05,-0.018527734567146358,0.01826446752093394,inconclusive,0.56,0.5766666666666667,120
NVDA,5,gbm,-0.03888791404425951,-0.08366929942761775,0.0030393972418972137,not_better,0.5483333333333333,0.5766666666666667,120
NVDA,20,naive,0.0,0.0,0.0,baseline,,0.6155143338954469,29
NVDA,20,drift,0.03832954112896192,-0.0611408969821804,0.10881782553705235,inconclusive,0.6155143338954469,0.6155143338954469,29
NVDA,20,ewma,-0.03720688815740569,-0.1994639288661869,0.06482484748200192,not_better,0.5952782462057336,0.6155143338954469,29
NVDA,20,ridge_ar,-0.022499489893881064,-0.14192581422006367,0.053782607625900564,not_better,0.6070826306913997,0.6155143338954469,29
NVDA,20,gbm,-0.12262596731503983,-0.2738908798416904,-0.03811829970936306,not_better,0.6087689713322091,0.6155143338954469,29
NVDA,60,naive,0.0,0.0,0.0,baseline,,0.7015706806282722,9
NVDA,60,drift,0.06236560607047481,-0.28223158655899666,0.24283594646379628,inconclusive,0.7015706806282722,0.7015706806282722,9
NVDA,60,ewma,-0.1933625993135557,-0.5646328523624318,-0.08991728044976022,not_better,0.6230366492146597,0.7015706806282722,9
NVDA,60,ridge_ar,-0.16620056339831724,-0.6200669023758884,-0.020731069287998758,not_better,0.680628272251309,0.7015706806282722,9
NVDA,60,gbm,-0.4463366655649059,-1.0307964420183413,-0.22473457834393093,not_better,0.6038394415357766,0.7015706806282722,9
TSLA,5,naive,0.0,0.0,0.0,baseline,,0.49166666666666664,120
TSLA,5,drift,-0.003364810763879511,-0.0068054233904669805,-0.0004724455678197344,not_better,0.4716666666666667,0.49166666666666664,120
TSLA,5,ewma,-0.019112680675180016,-0.03648004614928775,-0.0018802133200544312,not_better,0.44666666666666666,0.49166666666666664,120
TSLA,5,ridge_ar,-0.009079266280858311,-0.020597218574764733,0.0018026582844729256,not_better,0.5133333333333333,0.49166666666666664,120
TSLA,5,gbm,-0.06212371366390079,-0.10092294468524553,-0.02590546888253945,not_better,0.465,0.49166666666666664,120
TSLA,20,naive,0.0,0.0,0.0,baseline,,0.5497470489038786,29
TSLA,20,drift,-0.021016145013688536,-0.03748560618428417,-0.003704903388038627,not_better,0.3794266441821248,0.5497470489038786,29
TSLA,20,ewma,-0.07937218937528256,-0.1492617665955183,-0.01566753180119906,not_better,0.403035413153457,0.5497470489038786,29
TSLA,20,ridge_ar,-0.026052629655444415,-0.07571197803541098,0.0403608040389707,not_better,0.521079258010118,0.5497470489038786,29
TSLA,20,gbm,-0.10921940668846752,-0.22029766822029745,0.00245323832634005,not_better,0.4974704890387858,0.5497470489038786,29
TSLA,60,naive,0.0,0.0,0.0,baseline,,0.6230366492146597,9
TSLA,60,drift,-0.05752500203020383,-0.08820861992220037,-0.005139923830482467,not_better,0.2530541012216405,0.6230366492146597,9
TSLA,60,ewma,-0.24850749646857095,-0.4815132449902146,-0.027359187576092465,not_better,0.4048865619546248,0.6230366492146597,9
TSLA,60,ridge_ar,-0.03810167039389167,-0.10415591677976498,0.09150123407191324,not_better,0.537521815008726,0.6230366492146597,9
TSLA,60,gbm,-0.08197669088017911,-0.19472587714237158,0.07825252506037592,not_better,0.5078534031413613,0.6230366492146597,9
AMZN,5,naive,0.0,0.0,0.0,baseline,,0.5166666666666667,120
AMZN,5,drift,0.000737804562275346,-0.003097002124904802,0.005002062150093102,inconclusive,0.5166666666666667,0.5166666666666667,120
AMZN,5,ewma,-0.024371925860284804,-0.03591016517679779,-0.011666338889453254,not_better,0.4633333333333333,0.5166666666666667,120
AMZN,5,ridge_ar,-0.003967319818622528,-0.016047248627858966,0.009103527171556844,not_better,0.5033333333333333,0.5166666666666667,120
AMZN,5,gbm,-0.045421289506636375,-0.07700151916913059,-0.015911406196932407,not_better,0.5283333333333333,0.5166666666666667,120
AMZN,20,naive,0.0,0.0,0.0,baseline,,0.5767284991568297,29
AMZN,20,drift,0.0030290609059335782,-0.012602300360651075,0.020047282933899523,inconclusive,0.5767284991568297,0.5767284991568297,29
AMZN,20,ewma,-0.09344173760825503,-0.1367120577991984,-0.04532943889388943,not_better,0.4957841483979764,0.5767284991568297,29
AMZN,20,ridge_ar,-0.015557064693848766,-0.04263130997797078,0.01780233099914605,not_better,0.48903878583473864,0.5767284991568297,29
AMZN,20,gbm,-0.06829937352851578,-0.11289408919995428,-0.022661725260568397,not_better,0.5160202360876898,0.5767284991568297,29
AMZN,60,naive,0.0,0.0,0.0,baseline,,0.6143106457242583,9
AMZN,60,drift,0.0293180715766449,-0.024604137272187677,0.07694380834001445,inconclusive,0.6143106457242583,0.6143106457242583,9
AMZN,60,ewma,-0.28234767484566725,-0.4124989807212763,-0.1064294378866984,not_better,0.4467713787085515,0.6143106457242583,9
AMZN,60,ridge_ar,0.01018812170768768,-0.09170005965628784,0.10526440857373291,inconclusive,0.5759162303664922,0.6143106457242583,9
AMZN,60,gbm,-0.1915373561913074,-0.3365921089024503,-0.03513231632903238,not_better,0.5200698080279232,0.6143106457242583,9
GOOGL,5,naive,0.0,0.0,0.0,baseline,,0.5533333333333333,120
GOOGL,5,drift,0.003102977788161154,-0.00414026159519253,0.010949072949608406,inconclusive,0.5533333333333333,0.5533333333333333,120
GOOGL,5,ewma,-0.006882962286244965,-0.03219267060986152,0.020294690923616847,not_better,0.5366666666666666,0.5533333333333333,120
GOOGL,5,ridge_ar,-0.01122504177275907,-0.025881915117258736,0.004685960552347952,not_better,0.52,0.5533333333333333,120
GOOGL,5,gbm,-0.05961998174705285,-0.09281813743794352,-0.023353027305311424,not_better,0.47833333333333333,0.5533333333333333,120
GOOGL,20,naive,0.0,0.0,0.0,baseline,,0.6020236087689713,29
GOOGL,20,drift,0.012070227477154916,-0.012531388786686526,0.02931578739285225,inconclusive,0.6020236087689713,0.6020236087689713,29
GOOGL,20,ewma,-0.024639317919213477,-0.1430109866864161,0.06474594554720743,not_better,0.5615514333895447,0.6020236087689713,29
GOOGL,20,ridge_ar,-0.012347723375570885,-0.04606623057024937,0.019760332568561946,not_better,0.5059021922428331,0.6020236087689713,29
GOOGL,20,gbm,-0.09054567838727534,-0.13662774269379918,-0.02475325606697804,not_better,0.5193929173693086,0.6020236087689713,29
GOOGL,60,naive,0.0,0.0,0.0,baseline,,0.6474694589877836,9
GOOGL,60,drift,0.040224378872436906,0.01582681829415719,0.09138848273407217,better,0.6474694589877836,0.6474694589877836,9
GOOGL,60,ewma,-0.09537482139387699,-0.3597239233986017,0.09696824726929704,not_better,0.5392670157068062,0.6474694589877836,9
GOOGL,60,ridge_ar,0.03624453001200656,0.0014433990277999903,0.08904962725064135,better,0.5898778359511344,0.6474694589877836,9
GOOGL,60,gbm,-0.02690453605348897,-0.11301546831435322,0.04519693340567339,not_better,0.5794066317626527,0.6474694589877836,9
META,5,naive,0.0,0.0,0.0,baseline,,0.5416666666666666,120
META,5,drift,0.0016313198583057797,-0.0064456107569512925,0.011521771350059492,inconclusive,0.5416666666666666,0.5416666666666666,120
META,5,ewma,-0.01843171433306523,-0.03077655117913213,-0.003573938165373024,not_better,0.5133333333333333,0.5416666666666666,120
META,5,ridge_ar,-0.014903876769741586,-0.02798711008900202,-0.0018917675997048697,not_better,0.49666666666666665,0.5416666666666666,120
META,5,gbm,-0.0870372645677262,-0.13118079760840537,-0.045945392926480554,not_better,0.46166666666666667,0.5416666666666666,120
META,20,naive,0.0,0.0,0.0,baseline,,0.5497470489038786,29
META,20,drift,0.006563767707518986,-0.027181123270314734,0.042496836611753463,inconclusive,0.5497470489038786,0.5497470489038786,29
META,20,ewma,-0.07679916029636225,-0.1279786898445039,-0.013943985964797049,not_better,0.47048903878583476,0.5497470489038786,29
META,20,ridge_ar,-0.03561103043853375,-0.0751419880218839,0.0004763878689947314,not_better,0.45531197301854975,0.5497470489038786,29
META,20,gbm,-0.3865877559650699,-0.5444402356904177,-0.2706715752433215,not_better,0.3777403035413153,0.5497470489038786,29
META,60,naive,0.0,0.0,0.0,baseline,,0.5741710296684118,9
META,60,drift,-0.012935391598133172,-0.19912001536044846,0.1400582160315601,not_better,0.5741710296684118,0.5741710296684118,9
META,60,ewma,-0.24255576384864486,-0.4046278158154267,-0.007201510081847111,not_better,0.5776614310645725,0.5741710296684118,9
META,60,ridge_ar,-0.05762624101989111,-0.23639710307201198,0.0821603579809059,not_better,0.5636998254799301,0.5741710296684118,9
META,60,gbm,-0.646617656303859,-0.8521653922333895,-0.4989029670791836,not_better,0.4363001745200698,0.5741710296684118,9
JPM,5,naive,0.0,0.0,0.0,baseline,,0.6033333333333334,120
JPM,5,drift,0.009261071956018996,-0.0032098944336781624,0.022569722754705673,inconclusive,0.6033333333333334,0.6033333333333334,120
JPM,5,ewma,-0.010620474894560195,-0.0340841839590881,0.01136312842744431,not_better,0.5783333333333334,0.6033333333333334,120
JPM,5,ridge_ar,0.011975192292315362,-0.005123326556350006,0.03115228277421962,inconclusive,0.56,0.6033333333333334,120
JPM,5,gbm,-0.011754313614199319,-0.06439279562829926,0.027247864827897962,not_better,0.53,0.6033333333333334,120
JPM,20,naive,0.0,0.0,0.0,baseline,,0.6323777403035413,29
JPM,20,drift,0.04338757738569943,-0.00039347556678486753,0.08866967880529082,inconclusive,0.6323777403035413,0.6323777403035413,29
JPM,20,ewma,-0.03224920083231231,-0.12865491602150264,0.05720629885248488,not_better,0.5868465430016864,0.6323777403035413,29
JPM,20,ridge_ar,0.043888870778392874,-0.002399188444500851,0.09783876654565929,inconclusive,0.6323777403035413,0.6323777403035413,29
JPM,20,gbm,-0.029109886912063176,-0.09946297466386414,0.034360135829307414,not_better,0.521079258010118,0.6323777403035413,29
JPM,60,naive,0.0,0.0,0.0,baseline,,0.8167539267015707,9
JPM,60,drift,0.17278348615273997,0.012667832948420062,0.2531052766672789,better,0.8167539267015707,0.8167539267015707,9
JPM,60,ewma,0.002114311100718358,-0.3080949986043337,0.18743683080479112,inconclusive,0.7661431064572426,0.8167539267015707,9
JPM,60,ridge_ar,0.1103115292951975,-0.04964915861927506,0.2077366628938723,inconclusive,0.7975567190226877,0.8167539267015707,9
JPM,60,gbm,0.063402746667784,-0.1264090296548267,0.20093323607269203,inconclusive,0.7225130890052356,0.8167539267015707,9
KO,5,naive,0.0,0.0,0.0,baseline,,0.515,120
KO,5,drift,0.006413258527423249,-0.002488504510723777,0.015141282686594378,inconclusive,0.515,0.515,120
KO,5,ewma,-0.01128871658227304,-0.03039071971212239,0.009365492793754617,not_better,0.5116666666666667,0.515,120
KO,5,ridge_ar,0.01226950487996925,-0.0065052592986661,0.030455474796145188,inconclusive,0.485,0.515,120
KO,5,gbm,-0.025493370540256022,-0.05738416349413782,0.0021977013551365814,not_better,0.545,0.515,120
KO,20,naive,0.0,0.0,0.0,baseline,,0.5935919055649241,29
KO,20,drift,0.02345418625024953,-0.00533742875804001,0.0519314916512889,inconclusive,0.5935919055649241,0.5935919055649241,29
KO,20,ewma,-0.034413582674856835,-0.1016490386618884,0.03631374707970266,not_better,0.5531197301854974,0.5935919055649241,29
KO,20,ridge_ar,0.01791073521016362,-0.023485457888725362,0.052498224807549225,inconclusive,0.5126475548060708,0.5935919055649241,29
KO,20,gbm,-0.05396685636510634,-0.14120078601323213,0.013195994640380165,not_better,0.47386172006745364,0.5935919055649241,29
KO,60,naive,0.0,0.0,0.0,baseline,,0.7260034904013961,9
KO,60,drift,0.06570245894685434,-0.006788704034392447,0.11977802096398459,inconclusive,0.7260034904013961,0.7260034904013961,9
KO,60,ewma,-0.08707437882495683,-0.33646752045065725,0.058852637009703376,not_better,0.5584642233856894,0.7260034904013961,9
KO,60,ridge_ar,0.0482628568516682,-0.01916614090180026,0.11381491070726375,inconclusive,0.5863874345549738,0.7260034904013961,9
KO,60,gbm,-0.052051732183553634,-0.12745639961848082,0.02051628688339391,not_better,0.44851657940663175,0.7260034904013961,9
XOM,5,naive,0.0,0.0,0.0,baseline,,0.5533333333333333,120
XOM,5,drift,0.0020138725136528146,-0.014008427108283296,0.019575684986674318,inconclusive,0.5533333333333333,0.5533333333333333,120
XOM,5,ewma,-0.014945949981684636,-0.03650863441587427,0.005981482223888248,not_better,0.49333333333333335,0.5533333333333333,120
XOM,5,ridge_ar,0.005177092108139547,-0.015712484830705444,0.025518039614048922,inconclusive,0.5533333333333333,0.5533333333333333,120
XOM,5,gbm,-0.038322773856538594,-0.07342012194133757,-0.001065673920488615,not_better,0.5216666666666666,0.5533333333333333,120
XOM,20,naive,0.0,0.0,0.0,baseline,,0.6053962900505903,29
XOM,20,drift,0.0062499576110518484,-0.05363832545868608,0.07389923912913034,inconclusive,0.6053962900505903,0.6053962900505903,29
XOM,20,ewma,-0.04912916962613201,-0.1279848872860872,0.03188838028538581,not_better,0.5075885328836425,0.6053962900505903,29
XOM,20,ridge_ar,0.002356121551654433,-0.058823163037460595,0.07039533901122821,inconclusive,0.5952782462057336,0.6053962900505903,29
XOM,20,gbm,-0.08737811334002155,-0.16553051640087166,0.004770148028610571,not_better,0.5261382799325464,0.6053962900505903,29
XOM,60,naive,0.0,0.0,0.0,baseline,,0.6544502617801047,9
XOM,60,drift,0.03339169157282673,-0.22502245428564632,0.12508142835495809,inconclusive,0.6544502617801047,0.6544502617801047,9
XOM,60,ewma,-0.12679189878964925,-0.5643573794381131,0.07490011750179491,not_better,0.5706806282722513,0.6544502617801047,9
XOM,60,ridge_ar,0.02993678134904698,-0.17586376999940415,0.08939863279380912,inconclusive,0.6544502617801047,0.6544502617801047,9
XOM,60,gbm,-0.06625256218272879,-0.35636342338611937,0.012170032049094462,not_better,0.6527050610820244,0.6544502617801047,9
PFE,5,naive,0.0,0.0,0.0,baseline,,0.5366666666666666,120
PFE,5,drift,-0.012641500267881245,-0.028092055794673342,0.0026618414915566516,not_better,0.45666666666666667,0.5366666666666666,120
PFE,5,ewma,-0.02080385396159845,-0.035655107285298894,-0.008208053356405072,not_better,0.43333333333333335,0.5366666666666666,120
PFE,5,ridge_ar,-0.024701259365765393,-0.048313610163027834,-0.0014806554758035031,not_better,0.4683333333333333,0.5366666666666666,120
PFE,5,gbm,-0.07940837809156487,-0.12114456329440486,-0.042742429316743255,not_better,0.47,0.5366666666666666,120
PFE,20,naive,0.0,0.0,0.0,baseline,,0.551433389544688,29
PFE,20,drift,-0.06961048916314061,-0.14584702268886215,-0.002612474613079855,not_better,0.448566610455312,0.551433389544688,29
PFE,20,ewma,-0.08647133807169372,-0.14341456383938878,-0.0413649026258288,not_better,0.36593591905564926,0.551433389544688,29
PFE,20,ridge_ar,-0.08728276527234002,-0.17775723370530033,-0.008401145688499907,not_better,0.4839797639123103,0.551433389544688,29
PFE,20,gbm,-0.1628293619640575,-0.3177813235119194,-0.06318988279688365,not_better,0.4924114671163575,0.551433389544688,29
PFE,60,naive,0.0,0.0,0.0,baseline,,0.5776614310645725,9
PFE,60,drift,-0.2317612049754305,-0.4167523571361961,0.0032782543451236328,not_better,0.4223385689354276,0.5776614310645725,9
PFE,60,ewma,-0.2718794704286669,-0.4255315111245415,-0.10079450245963396,not_better,0.3699825479930192,0.5776614310645725,9
PFE,60,ridge_ar,-0.26331669035524574,-0.5054052276327049,0.05429274450837557,not_better,0.45549738219895286,0.5776614310645725,9
PFE,60,gbm,-0.36436616580741865,-0.6729389991878311,0.010727811071679541,not_better,0.46596858638743455,0.5776614310645725,9
JNJ,5,naive,0.0,0.0,0.0,baseline,,0.5866666666666667,120
JNJ,5,drift,0.004861634538927406,-1.589848803714736e-05,0.009835832753134951,inconclusive,0.5533333333333333,0.5866666666666667,120
JNJ,5,ewma,0.0032310367643993976,-0.027481713828254383,0.03031686991513791,inconclusive,0.53,0.5866666666666667,120
JNJ,5,ridge_ar,0.0027559946334241303,-0.014723180307363304,0.019438081225015648,inconclusive,0.49833333333333335,0.5866666666666667,120
JNJ,5,gbm,-0.022314652164482363,-0.048245459218534695,0.003213820104492025,not_better,0.5066666666666667,0.5866666666666667,120
JNJ,20,naive,0.0,0.0,0.0,baseline,,0.6408094435075885,29
JNJ,20,drift,0.016908382314005488,-0.00021276277220446687,0.03079840990158681,inconclusive,0.5868465430016864,0.6408094435075885,29
JNJ,20,ewma,0.016808352228906642,-0.07694981540248873,0.10746650577270163,inconclusive,0.5699831365935919,0.6408094435075885,29
JNJ,20,ridge_ar,0.0156309058163564,-0.004310406348963548,0.033083276196623844,inconclusive,0.5109612141652614,0.6408094435075885,29
JNJ,20,gbm,-0.05269803086476488,-0.1030095829321068,-0.01208077323136687,not_better,0.4654300168634064,0.6408094435075885,29
JNJ,60,naive,0.0,0.0,0.0,baseline,,0.7417102966841187,9
JNJ,60,drift,0.03779889483708998,0.01018435793441352,0.053752717210886834,better,0.6823734729493892,0.7417102966841187,9
JNJ,60,ewma,0.017901020695572534,-0.28116436945478646,0.19861597883264354,inconclusive,0.5008726003490401,0.7417102966841187,9
JNJ,60,ridge_ar,-0.0010943311829807456,-0.05257903658441913,0.05817319527257504,not_better,0.5532286212914486,0.7417102966841187,9
JNJ,60,gbm,-0.08617617778697317,-0.23247120166064172,0.09176119507504554,not_better,0.5776614310645725,0.7417102966841187,9
PG,5,naive,0.0,0.0,0.0,baseline,,0.49833333333333335,120
PG,5,drift,-0.0011320808190136145,-0.004176507363103143,0.0022827796772383804,not_better,0.49833333333333335,0.49833333333333335,120
PG,5,ewma,-0.025062742321344755,-0.036769698039649315,-0.014602442622975947,not_better,0.44166666666666665,0.49833333333333335,120
PG,5,ridge_ar,-0.0011545079081187737,-0.010358807389348279,0.007109436605038124,not_better,0.48333333333333334,0.49833333333333335,120
PG,5,gbm,-0.05033180048798891,-0.09175532033724104,-0.015993296789594866,not_better,0.5116666666666667,0.49833333333333335,120
PG,20,naive,0.0,0.0,0.0,baseline,,0.4620573355817875,29
PG,20,drift,-0.006296880617288059,-0.01752696186750561,0.004629723241264507,not_better,0.4620573355817875,0.4620573355817875,29
PG,20,ewma,-0.0997883036089735,-0.12606025778487628,-0.07168433029785742,not_better,0.4266441821247892,0.4620573355817875,29
PG,20,ridge_ar,0.015186312499427923,-0.006212141960489803,0.0350925324271579,inconclusive,0.5059021922428331,0.4620573355817875,29
PG,20,gbm,-0.07070020053575643,-0.2035270476152146,0.01504497933941459,not_better,0.5598650927487352,0.4620573355817875,29
PG,60,naive,0.0,0.0,0.0,baseline,,0.450261780104712,9
PG,60,drift,-0.054928053917728814,-0.12825751689647716,-0.010910587094939318,not_better,0.450261780104712,0.450261780104712,9
PG,60,ewma,-0.27960554467551857,-0.4374696171598118,-0.14445626320618604,not_better,0.4677137870855148,0.450261780104712,9
PG,60,ridge_ar,0.01284839739134469,-0.15295799829565507,0.15235498161960412,inconclusive,0.5741710296684118,0.450261780104712,9
PG,60,gbm,-0.08638392620846003,-0.2705558641969255,0.05908616257388898,not_better,0.5619546247818499,0.450261780104712,9
WMT,5,naive,0.0,0.0,0.0,baseline,,0.5833333333333334,120
WMT,5,drift,0.00475175341916545,-0.011411033615500587,0.022159237136993068,inconclusive,0.5833333333333334,0.5833333333333334,120
WMT,5,ewma,-0.004460039778267255,-0.03254324528840609,0.02372276423602999,not_better,0.5683333333333334,0.5833333333333334,120
WMT,5,ridge_ar,0.004014525048995021,-0.010882395111517907,0.021439819303366407,inconclusive,0.58,0.5833333333333334,120
WMT,5,gbm,-0.024397125853053758,-0.06381960091824933,0.015016352350106519,not_better,0.515,0.5833333333333334,120
WMT,20,naive,0.0,0.0,0.0,baseline,,0.6374367622259697,29
WMT,20,drift,0.02378105398179764,-0.031318078212092905,0.07605929848251303,inconclusive,0.6374367622259697,0.6374367622259697,29
WMT,20,ewma,-0.004647275091426595,-0.1085462884205886,0.11151454544176857,not_better,0.657672849915683,0.6374367622259697,29
WMT,20,ridge_ar,0.033459827686243004,-0.02409897863015761,0.08459428389968307,inconclusive,0.6087689713322091,0.6374367622259697,29
WMT,20,gbm,-0.11854036086904696,-0.2512082139140928,-0.03075313969982836,not_better,0.5413153456998314,0.6374367622259697,29
WMT,60,naive,0.0,0.0,0.0,baseline,,0.731239092495637,9
WMT,60,drift,0.08492182556516414,-0.057148111171119016,0.25116447265376995,inconclusive,0.731239092495637,0.731239092495637,9
WMT,60,ewma,0.05956846680805583,-0.300208728924903,0.3501133967956753,inconclusive,0.7486910994764397,0.731239092495637,9
WMT,60,ridge_ar,0.044600744761772226,-0.08744200498106851,0.2326388812108315,inconclusive,0.6701570680628273,0.731239092495637,9
WMT,60,gbm,-0.12925479612794377,-0.2619632659951701,0.10576885576636604,not_better,0.5759162303664922,0.731239092495637,9
UNH,5,naive,0.0,0.0,0.0,baseline,,0.515,120
UNH,5,drift,-0.002794393577771448,-0.005775285641159922,1.0881246399314626e-06,not_better,0.5016666666666667,0.515,120
UNH,5,ewma,-0.015774970153329182,-0.04201038634351023,0.0047383360807666045,not_better,0.44333333333333336,0.515,120
UNH,5,ridge_ar,-0.08263554745339396,-0.13381233118113103,-0.039041823695805694,not_better,0.465,0.515,120
UNH,5,gbm,-0.10486128779391768,-0.16350343324648964,-0.05977466439276899,not_better,0.475,0.515,120
UNH,20,naive,0.0,0.0,0.0,baseline,,0.5446880269814502,29
UNH,20,drift,-0.010927407790656263,-0.02323086352935293,-0.001062245598161819,not_better,0.3979763912310287,0.5446880269814502,29
UNH,20,ewma,-0.06856749609747026,-0.1528564648711161,-0.012613917488788868,not_better,0.3844856661045531,0.5446880269814502,29
UNH,20,ridge_ar,-0.12952005723544469,-0.23959506390937382,-0.03974810594009457,not_better,0.5126475548060708,0.5446880269814502,29
UNH,20,gbm,-0.08375204752608623,-0.1803915403932511,-0.024316379691606892,not_better,0.49072512647554806,0.5446880269814502,29
UNH,60,naive,0.0,0.0,0.0,baseline,,0.5148342059336823,9
UNH,60,drift,-0.0276491686805167,-0.042878958466055786,-0.00026716357222550114,not_better,0.537521815008726,0.5148342059336823,9
UNH,60,ewma,-0.19806335462382219,-0.4209550663856766,-0.026260178006957756,not_better,0.42757417102966844,0.5148342059336823,9
UNH,60,ridge_ar,-0.15463325769004954,-0.2362142449625936,-0.06711184123402335,not_better,0.4869109947643979,0.5148342059336823,9
UNH,60,gbm,-0.09563228328917006,-0.12202929525202615,-0.055756929162317045,not_better,0.4537521815008726,0.5148342059336823,9
XLE,5,naive,0.0,0.0,0.0,baseline,,0.57,120
XLE,5,drift,0.0014156967984388924,-0.013500400459116314,0.018112711117890503,inconclusive,0.57,0.57,120
XLE,5,ewma,-0.01597179926725456,-0.03616548074880114,0.0015355657380534985,not_better,0.46,0.57,120
XLE,5,ridge_ar,0.00858353958228153,-0.005687544449419891,0.025444478977311523,inconclusive,0.5616666666666666,0.57,120
XLE,5,gbm,-0.017926293832730922,-0.04499516735286156,0.009199675100503221,not_better,0.5466666666666666,0.57,120
XLE,20,naive,0.0,0.0,0.0,baseline,,0.5885328836424958,29
XLE,20,drift,0.008434686596844432,-0.03909099281043296,0.07301671111352939,inconclusive,0.5885328836424958,0.5885328836424958,29
XLE,20,ewma,-0.045077261794843615,-0.11097230842537813,0.04154537755506596,not_better,0.44013490725126475,0.5885328836424958,29
XLE,20,ridge_ar,0.010433200088328709,-0.02655000007172647,0.0717943403996049,inconclusive,0.5682967959527825,0.5885328836424958,29
XLE,20,gbm,-0.038119497902534105,-0.08731322114257589,0.03848711755423129,not_better,0.5598650927487352,0.5885328836424958,29
XLE,60,naive,0.0,0.0,0.0,baseline,,0.6212914485165794,9
XLE,60,drift,0.03724020320393828,-0.1656872852591142,0.11490082008854767,inconclusive,0.6212914485165794,0.6212914485165794,9
XLE,60,ewma,-0.11160341716500777,-0.5061106595587198,0.038709931622449505,not_better,0.49214659685863876,0.6212914485165794,9
XLE,60,ridge_ar,0.04652962299964358,-0.09397655203579908,0.0962062121871705,inconclusive,0.6212914485165794,0.6212914485165794,9
XLE,60,gbm,-0.035564943228291845,-0.2583630035727489,0.02661800298659682,not_better,0.5881326352530541,0.6212914485165794,9
TLT,5,naive,0.0,0.0,0.0,baseline,,0.4766666666666667,120
TLT,5,drift,-0.014879730700396276,-0.034907125048030285,0.003212591335308758,not_better,0.5216666666666666,0.4766666666666667,120
TLT,5,ewma,-0.020669859525170864,-0.03321180040492072,-0.011170131670724214,not_better,0.43666666666666665,0.4766666666666667,120
TLT,5,ridge_ar,-0.0350459573131674,-0.062308030712854456,-0.007138637598936858,not_better,0.5216666666666666,0.4766666666666667,120
TLT,5,gbm,-0.08392137358721818,-0.12898654757540953,-0.0430941606954001,not_better,0.49,0.4766666666666667,120
TLT,20,naive,0.0,0.0,0.0,baseline,,0.4873524451939292,29
TLT,20,drift,-0.08325911615145642,-0.17563289513436994,0.0029089721548522397,not_better,0.5126475548060708,0.4873524451939292,29
TLT,20,ewma,-0.08946813721704339,-0.13681034884259607,-0.04499723465065497,not_better,0.3827993254637437,0.4873524451939292,29
TLT,20,ridge_ar,-0.21900739927177204,-0.3589474207101926,-0.06585760454550843,not_better,0.5126475548060708,0.4873524451939292,29
TLT,20,gbm,-0.27162446394747186,-0.4199822528201406,-0.09780836007332414,not_better,0.45531197301854975,0.4873524451939292,29
TLT,60,naive,0.0,0.0,0.0,baseline,,0.4572425828970332,9
TLT,60,drift,-0.2488085434329126,-0.44803750973468487,0.04105948361833609,not_better,0.5427574171029669,0.4572425828970332,9
TLT,60,ewma,-0.28327328351816194,-0.4358320811980808,-0.1891106745373991,not_better,0.33158813263525305,0.4572425828970332,9
TLT,60,ridge_ar,-0.535320231271579,-0.8336889773319943,-0.02304817603778996,not_better,0.5427574171029669,0.4572425828970332,9
TLT,60,gbm,-0.6780891725022746,-0.9466089519452555,-0.21722498003257415,not_better,0.44502617801047123,0.4572425828970332,9
GLD,5,naive,0.0,0.0,0.0,baseline,,0.6066666666666667,120
GLD,5,drift,0.00847416422175773,-0.006890897785038065,0.023973221604518598,inconclusive,0.6066666666666667,0.6066666666666667,120
GLD,5,ewma,-0.002736246147929444,-0.03841249039892797,0.030167366728334536,not_better,0.5966666666666667,0.6066666666666667,120
GLD,5,ridge_ar,0.00019783326607236695,-0.011865569289854837,0.015093434145149865,inconclusive,0.575,0.6066666666666667,120
GLD,5,gbm,-0.008196290055562994,-0.03379843783543614,0.02973366140593424,not_better,0.5516666666666666,0.6066666666666667,120
GLD,20,naive,0.0,0.0,0.0,baseline,,0.6644182124789207,29
GLD,20,drift,0.04125235912154879,-0.016856811154750677,0.10296605435103795,inconclusive,0.6644182124789207,0.6644182124789207,29
GLD,20,ewma,0.006725689408831781,-0.12451852645859982,0.1358275753689293,inconclusive,0.6357504215851602,0.6644182124789207,29
GLD,20,ridge_ar,0.058955128712737004,0.02739215057384443,0.10390564894490247,better,0.6964586846543002,0.6644182124789207,29
GLD,20,gbm,0.01569064321345126,-0.030649227382133198,0.06570878477855073,inconclusive,0.6053962900505903,0.6644182124789207,29
GLD,60,naive,0.0,0.0,0.0,baseline,,0.8010471204188482,9
GLD,60,drift,0.08123941208690832,-0.07341008677308758,0.20474723145495935,inconclusive,0.8010471204188482,0.8010471204188482,9
GLD,60,ewma,0.021647708233178298,-0.28402654703390867,0.31198135795177906,inconclusive,0.7696335078534031,0.8010471204188482,9
GLD,60,ridge_ar,0.03287539270380224,-0.15571001233840584,0.18585226103679606,inconclusive,0.7905759162303665,0.8010471204188482,9
GLD,60,gbm,-0.07697320420497666,-0.3533162571598363,0.16408126185616817,not_better,0.6614310645724258,0.8010471204188482,9
