Date,actual,ewma,garch
2024-05-06,0.07983136246266288,0.1344314111711608,0.1421616555813829
2024-05-07,0.0900924384723429,0.13040661454399757,0.13945859139445868
2024-05-08,0.09009181041467319,0.12643446163501437,0.1368776479691165
2024-05-09,0.08785925935731428,0.12460197625404186,0.1344145875922956
2024-05-10,0.08842109328986861,0.12090975318726259,0.13206525691251864
2024-05-13,0.08883115860184713,0.11722751976777335,0.12982558554462673
2024-05-14,0.09203206118009608,0.11504173881684569,0.12769158506381037
2024-05-15,0.08131733023590212,0.12136960204327517,0.12565934836126696
2024-05-16,0.08101675370530577,0.11794442293444408,0.1241350071024324
2024-05-17,0.0856130548181471,0.11448768405682053,0.12227485574358007
2024-05-20,0.08598845073689156,0.11109022145100425,0.12050601800685003
2024-05-21,0.0860909797424405,0.1081262984395947,0.1188248939471324
2024-05-22,0.08561290562408819,0.10543023160283156,0.11807435155502229
2024-05-23,0.08237694207009848,0.10611890419126666,0.12191454168827694
2024-05-24,0.08015049134771934,0.1060336496034149,0.12016350031217764
2024-05-28,0.08023436617273695,0.10283931907657223,0.11849946372604192
2024-05-29,0.07646293939726835,0.10338307618183107,0.12187261954365074
2024-05-30,0.07405611526483108,0.10352082608414809,0.12446187065700808
2024-05-31,0.06709513640596666,0.10637922879294023,0.1225857690505355
2024-06-03,0.07113504388889375,0.10318716793946094,0.12080160363792446
2024-06-04,0.07276183893445308,0.10013794191066737,0.11910576051851063
2024-06-05,0.06286443594540285,0.10740885101387403,0.11749470781810688
2024-06-06,0.06299757103994441,0.10413677006395361,0.11596503245603788
2024-06-07,0.06294401646912952,0.101075104900423,0.11466797997142028
2024-06-10,0.07115935484942858,0.09872745129842118,0.11328294515818804
2024-06-11,0.0770431606737447,0.09617576691402817,0.11196975342408413
2024-06-12,0.07477173352831973,0.09852080933172325,0.11072528553486531
2024-06-13,0.07506578266875509,0.09583920441760939,0.109546509110343
2024-06-14,0.07791467152197043,0.09294962483787987,0.10843047934495718
2024-06-17,0.08826720751440859,0.09524446353834325,0.10737433961122701
2024-06-18,0.091977523132723,0.09286857843106985,0.10637532192081008
2024-06-20,0.09447729668983823,0.09065865429188434,0.10626806829368804
2024-06-21,0.10113807439475095,0.08805147692248355,0.10553379181925177
2024-06-24,0.10062992000774644,0.08630277005125933,0.10584183738810542
2024-06-25,0.12869068511676449,0.0849978421880916,0.10492650299090038
2024-06-26,0.12994447172033533,0.08255105498461104,0.10406161541766779
2024-06-27,0.13571020966461766,0.08027029093790909,0.10324472318611055
2024-06-28,0.13500271778155382,0.0793207260292892,0.10427456889702705
2024-07-01,0.13600565801101458,0.07731870692161434,0.1034458291335636
2024-07-02,0.14562405111850923,0.07937039617651391,0.10266330782467425
2024-07-03,0.15336065041274957,0.07887623447846367,0.10192470779329506
2024-07-05,0.1659920005718123,0.07967474867313087,0.10122781916596155
2024-07-08,0.19632531225609579,0.0773776124056396,0.10057051843377912
2024-07-09,0.19897981006175583,0.07511552086181211,0.09995076732292651
2024-07-10,0.19732725860100572,0.08227848985582058,0.09936661148454672
2024-07-11,0.21112632826954747,0.08658783845440213,0.10752177438870965
2024-07-12,0.21052343661681377,0.08743775611459398,0.1065147560773799
2024-07-15,0.21030583903588188,0.08544410604840094,0.10556255833103562
2024-07-16,0.217119218261894,0.08597227201869573,0.10466257842077233
2024-07-17,0.21155016236366517,0.09981230067564668,0.12471130543830848
2024-07-18,0.21827237096593782,0.1013144557625705,0.1284954144881508
2024-07-19,0.21713286828964398,0.10158714836681335,0.1305623544088389
2024-07-22,0.2167072809706481,0.10626148351848479,0.12839346688695694
2024-07-23,0.21671265543068774,0.10320497489241842,0.1265610141512941
2024-07-24,0.2012252778701186,0.13400537280005828,0.16765362225357042
2024-07-25,0.2023115574143782,0.1315014942492664,0.16583700357515435
2024-07-26,0.20192698451993019,0.13465007341689805,0.16211290947305254
2024-07-29,0.20209383592463329,0.13056809810718506,0.15854443105534274
2024-07-30,0.20134691020141346,0.12812191189932126,0.15710579415112425
2024-07-31,0.1941444909522402,0.1391440600585949,0.15374920726266955
2024-08-01,0.18742796673433454,0.14585929947479784,0.16593209981498697
2024-08-02,0.17837084819198734,0.15918215399915364,0.18646862592708868
2024-08-05,0.16204056188774205,0.19242420507068556,0.23241195935820236
2024-08-06,0.15889870535867018,0.18994456659196815,0.22609991120047482
2024-08-07,0.15734294780809394,0.18599529454248676,0.22245662022749768
2024-08-08,0.1476674766489718,0.20103735694434804,0.21651445953922424
2024-08-09,0.15206492620239506,0.19566236597217268,0.2107952816929798
2024-08-12,0.15283412247224773,0.18971269274150948,0.20529243268179265
2024-08-13,0.14600777043556223,0.19456279259003972,0.19999944746766113
2024-08-14,0.1485926763915324,0.18903279254458938,0.1949100413325339
2024-08-15,0.1370489831805505,0.19482426501142555,0.19001810148814588
2024-08-16,0.1369185082716371,0.18908975901445793,0.18531767895843476
2024-08-19,0.1326943512297635,0.18702627514910197,0.180802980749949
2024-08-20,0.1329871062138816,0.18143910095098437,0.1766480363858612
2024-08-21,0.14541206814900406,0.1764167580930499,0.17248072384004945
2024-08-22,0.14282913380359358,0.1737647093117356,0.1728395380254069
2024-08-23,0.13809831226095556,0.17341144883626078,0.1688270019443561
2024-08-26,0.1382108149941617,0.16838455092545815,0.1653920594342635
2024-08-27,0.13834715177071902,0.1633420491045213,0.16168647333066477
2024-08-28,0.137513969229077,0.1599760989899391,0.16068281947989502
2024-08-29,0.1376100845336713,0.1551029731832874,0.15717453831125577
2024-08-30,0.1341667476709742,0.15484939619088173,0.15381502050490986
2024-09-03,0.11650328173216987,0.17052058661529057,0.18176098777878205
2024-09-04,0.11628569981527839,0.16551769765168775,0.17767121780530812
2024-09-05,0.11614583193992715,0.16075445515101572,0.17387146657231367
2024-09-06,0.10435978018542687,0.16925588897437624,0.1890466102085892
2024-09-09,0.10182448640003218,0.1697146901258805,0.1843844323364859
2024-09-10,0.10605049623631224,0.1654100787492542,0.17990681877893472
2024-09-11,0.10263700049573389,0.1652092411640496,0.17560815430743584
2024-09-12,0.09841996613420523,0.16346333630511722,0.17148296352548348
2024-09-13,0.0989631283430008,0.1597727020891166,0.16752590407976808
2024-09-16,0.10296698714680579,0.1550116597996206,0.16373176023556313
2024-09-17,0.10661484371108657,0.15029777168142866,0.16009543683486058
2024-09-18,0.10720347546993889,0.14617605775436243,0.15728512634915034
2024-09-19,0.08879921385204269,0.15625058868829472,0.1539208949162811
2024-09-20,0.08962859361614132,0.15163988913034523,0.1509385217033493
2024-09-23,0.08938021795037752,0.14734029427774906,0.1478475253834526
2024-09-24,0.08882302687096014,0.14328305362233273,0.13974897678155895
2024-09-25,0.09428565770982683,0.13918314161133719,0.13729644633954496
2024-09-26,0.09354832531473167,0.13581746438903367,0.13448999180096938
2024-09-27,0.09341439509032287,0.13180081240605418,0.13207998967570403
2024-09-30,0.09297728375134033,0.1287284080066875,0.12959376504932657
2024-10-01,0.08750655541489814,0.12961919650944148,0.13594236544626687
2024-10-02,0.08815223453481788,0.12568118846507825,0.13321826672516937
2024-10-03,0.11254873260159105,0.12206005460297281,0.13102253411951306
2024-10-04,0.10890140260397965,0.12345910107626602,0.1286022355667966
2024-10-07,0.10430169526690333,0.124798673397394,0.13522979853274283
2024-10-08,0.10762232569456415,0.12641205276567577,0.13254925016706048
2024-10-09,0.13632069816785902,0.12546557641518488,0.130033882802395
2024-10-10,0.13889630713433262,0.12183386967899339,0.1280139618670234
2024-10-11,0.1381249122925715,0.120381914313606,0.12578322225147992
2024-10-14,0.13510726451372068,0.12093566017480412,0.12369502751734306
2024-10-15,0.13270003108381706,0.12111093920756723,0.12859821172443506
2024-10-16,0.13181523579078702,0.11862632600943168,0.12633042405780429
2024-10-17,0.13378904165690855,0.11501297395991021,0.1242071002222992
2024-10-18,0.14073997415013625,0.11250400313654527,0.12222069738677918
2024-10-21,0.14136609053928514,0.10926368866215579,0.1206799652069724
2024-10-22,0.14194570326483022,0.10595522359473114,0.11895825848890691
2024-10-23,0.13816057317009198,0.10875173782554912,0.12704516482379702
2024-10-24,0.13925054492195785,0.10577278616621962,0.12487611677593059
2024-10-25,0.13967775625123888,0.1025593240064328,0.12286010540327122
2024-10-28,0.13976514078815308,0.10015676447816556,0.12096143167627048
2024-10-29,0.14086544066917997,0.09730896369886938,0.11918761166397657
2024-10-30,0.14086672253008597,0.09507727700731962,0.11862829565516625
2024-10-31,0.1240486016721668,0.1200984165539094,0.15731631908163593
2024-11-01,0.12330849348859395,0.1175856366167157,0.15334543043258725
2024-11-04,0.1230817908357194,0.11431133373148622,0.15003608241319852
2024-11-05,0.11752349251928329,0.12028010025236403,0.14647815735672748
2024-11-06,0.07902432697970925,0.1507335061783642,0.14312614706251559
2024-11-07,0.07444819039605018,0.14917893196865104,0.13997082908925854
2024-11-08,0.0751199009941627,0.14560763795882317,0.1370032158915016
2024-11-11,0.07585344982125541,0.1412204090704548,0.1342145515961814
2024-11-12,0.07986858417164851,0.13745164175084237,0.13262966673257878
2024-11-13,0.08192827617594645,0.13327769339850082,0.13010931209753673
2024-11-14,0.07866635540265501,0.13162970694792248,0.13226134093798544
2024-11-15,0.06575117588056176,0.13711134798798966,0.14672015035612962
2024-11-18,0.0657824044454444,0.13388181318077738,0.14335404357037793
2024-11-19,0.12527695982513326,0.13057642137183056,0.1401852663234326
2024-11-20,0.12527593824793662,0.12660539052771333,0.137204814768635
2024-11-21,0.13087803000266088,0.12450137347425298,0.13440391690282086
2024-11-22,0.13212692613729565,0.1213068656689818,0.13177403084032108
2024-11-25,0.13730450907236788,0.11834612174138286,0.12930684450374613
2024-11-26,0.1360546093642304,0.11651407300183904,0.12699427650696749
2024-11-27,0.14073327113314435,0.11357916656109052,0.1258646824204345
2024-11-29,0.14485305095430087,0.11272125929241822,0.1237712513185571
2024-12-02,0.14529060422523243,0.10950891381771566,0.12181315982035054
2024-12-03,0.14554352485016908,0.10618815034226524,0.11998315554385114
2024-12-04,0.15048453800938788,0.10572978343618857,0.11827422890796717
2024-12-05,0.15174689564567403,0.10270868001801031,0.11700706585963062
2024-12-06,0.1568768794509024,0.09985166189870848,0.11549802421427027
2024-12-09,0.15588885928148932,0.09886953322782616,0.11734113147929971
2024-12-10,0.16480773692433315,0.0966192727872558,0.11698449300633085
2024-12-11,0.16261806910059737,0.09834532436835199,0.11547698208579994
2024-12-12,0.16165466357366073,0.09744210415383339,0.11732539336044424
2024-12-13,0.17385689904913804,0.09447678175853146,0.11579959416825181
2024-12-16,0.17333250868455766,0.09308502201605433,0.11437275458811753
2024-12-17,0.1763146616667134,0.09166597312283607,0.1151510629573465
2024-12-18,0.14352074748353388,0.14744559748145616,0.1968975602282329
2024-12-19,0.14488957092229526,0.14295880530491467,0.19083624901616897
2024-12-20,0.13989327509890492,0.14617245648366514,0.18507633307461277
2024-12-23,0.13866755071561854,0.14360836341039443,0.17961312420683603
2024-12-24,0.14229018023278203,0.14571662517558953,0.17443494848428084
2024-12-26,0.1454949260891153,0.1412777474718292,0.169530476770787
2024-12-27,0.14146422580100576,0.14302120012799496,0.1742051710183229
2024-12-30,0.13679683629316194,0.1456691183112235,0.17995267890096742
2024-12-31,0.13749467219397968,0.14194066126761248,0.17582546935634474
2025-01-02,0.1392946060965309,0.1379487041669622,0.17134615787997504
2025-01-03,0.13424116101654673,0.14220649695462745,0.16660672055557835
2025-01-06,0.13345889923716991,0.1396716455522981,0.16212327808093593
2025-01-07,0.1278066251531396,0.14244924088512623,0.16903748894054788
2025-01-08,0.1318071387181681,0.13822629237960224,0.16442232010656377
2025-01-10,0.12234332118466802,0.14676182140613173,0.17971084103927487
2025-01-13,0.12224945245171207,0.14241833368698298,0.17452753437978968
2025-01-14,0.12268789250454362,0.13818315562618866,0.16961813678350715
2025-01-15,0.11111980660419839,0.1512028279774011,0.16497163767456094
2025-01-16,0.11090962806039621,0.1467875775081424,0.16090254363074452
2025-01-17,0.10560190351525568,0.14752205781657113,0.15673200961255762
2025-01-21,0.10087300971746406,0.14735100530098766,0.15279387607208336
2025-01-22,0.09999193043545533,0.14451555989768416,0.1490782464981693
2025-01-23,0.11565159823412552,0.14170261549287982,0.14557547755419004
2025-01-24,0.11631713798261335,0.13785530470956692,0.14312101284438886
2025-01-27,0.1062336989574432,0.14468096416274082,0.15911009537265758
2025-01-28,0.10181588826143642,0.14416458451818387,0.15503905247671804
2025-01-29,0.11564751742190663,0.14086047015143893,0.1530680027844293
2025-01-30,0.1266277207097111,0.1381463013580022,0.14933678428150657
2025-01-31,0.14004361152162564,0.13553544891189304,0.14854784648884728
2025-02-03,0.14430614276686976,0.13400385092822886,0.14944280899641513
2025-02-04,0.14731278069086967,0.13249711718223,0.14591902331956297
2025-02-05,0.15980225413440874,0.1294206518647012,0.14259963577550427
2025-02-06,0.1605574709270498,0.12620117816408824,0.13947546243102854
2025-02-07,0.18410972979579,0.12747418577356565,0.1450101570325252
2025-02-10,0.18492479072173973,0.12636187104407534,0.14174395487179509
2025-02-11,0.1858569425803393,0.12254804384856777,0.13867054662450884
2025-02-12,0.1915223483891833,0.11947548582803402,0.13685852720334885
2025-02-13,0.20139020130630425,0.12282371478485912,0.13441002492547116
2025-02-14,0.20322766370967404,0.11908216266290947,0.13194327414304494
2025-02-18,0.2065944387693715,0.11601580796786447,0.12963402536829496
2025-02-19,0.20997615517048995,0.11285272165946812,0.12747431553467503
2025-02-20,0.20970614690602052,0.11060916087383439,0.12730587073906968
2025-02-21,0.20056875558437787,0.12649339712203797,0.15396797736826007
2025-02-24,0.20960809843589825,0.12391544582928972,0.15216177055612304
2025-02-25,0.20903344790343842,0.12169463240304135,0.150844515245492
2025-02-26,0.21332896353748235,0.11800364839281094,0.14737194347882554
2025-02-27,0.2057573757284331,0.13039964516737404,0.1665265708469569
2025-02-28,0.21102047438736904,0.14003331711568756,0.16215332531356644
2025-03-03,0.20287241090639072,0.1521724404973634,0.1826914918101776
2025-03-04,0.19867289964458704,0.15463146455148882,0.18787515914214314
2025-03-05,0.19629655990950598,0.15557719427650452,0.1823426433315853
2025-03-06,0.2582048993554375,0.1661397059503394,0.19998807608558594
2025-03-07,0.33486025461325714,0.16253800042204555,0.1938238630767417
2025-03-10,0.32091790199127945,0.1893495438577578,0.2343954597277254
2025-03-11,0.3244233381722954,0.18642862444548852,0.23061099504473115
2025-03-12,0.48015909968305515,0.1819169697819697,0.22291097885371453
2025-03-13,0.5035689524245271,0.18393263739589868,0.22654727054575233
2025-03-14,0.5022506442758994,0.19524784965680947,0.2190468571804176
2025-03-17,0.5026795089183347,0.1916419056763063,0.2119179385044217
2025-03-18,0.5012960677644626,0.19054841204441428,0.21274822868319962
2025-03-19,0.5061480948305122,0.1894842816008976,0.20593462979033184
2025-03-20,0.5060689950630076,0.18405664361219473,0.20003064878744914
2025-03-21,0.5132417336492202,0.1784541470757339,0.1938642434058799
2025-03-24,0.517455206347117,0.1862764012923785,0.18801735934193664
2025-03-25,0.5202560630911452,0.18084281798363033,0.18247733045531436
2025-03-26,0.523751975921361,0.1814465404156901,0.18785970115873918
2025-03-27,0.5242900892749641,0.1762225736791606,0.18284889617876962
2025-03-28,0.519294839898112,0.18827875548960762,0.20656476713740532
2025-03-31,0.5192302169180039,0.1843874380666974,0.20006397911016843
2025-04-01,0.5191356030110071,0.1791063262268599,0.1938958574399552
2025-04-02,0.5192578757579313,0.17537405886597465,0.1880473248250148
2025-04-03,0.4900867217348591,0.2598576686407506,0.3193873017674708
2025-04-04,0.4413008765280821,0.3442393576540224,0.4387146329634793
2025-04-07,0.4422602168785832,0.3338244256311713,0.42168520757353606
2025-04-08,0.4389485664602414,0.32942471461168843,0.4134824343803804
2025-04-09,0.26005414471845606,0.5027878322245399,0.39744954247188674
2025-04-10,0.20579234775538216,0.5176732954504198,0.4472396309289596
2025-04-11,0.22743971957349055,0.5065922490236636,0.4297393468877701
2025-04-14,0.22605362043874572,0.4925920622187935,0.41299829722686177
2025-04-15,0.22587977812382243,0.4777102349134502,0.3972529757671393
2025-04-16,0.21202410662253757,0.4713327248590452,0.3993277506728403
2025-04-17,0.21314537752381565,0.45700765701496343,0.38391395894098496
2025-04-21,0.1952777328925455,0.4528794357933532,0.389748148777907
2025-04-22,0.1731002420347134,0.45029872361448586,0.37475481618239775
2025-04-23,0.1749960054711818,0.4406560356864129,0.360422174594692
2025-04-24,0.15861376824942258,0.4348422246048669,0.3467244164829951
2025-04-25,0.1584181992321289,0.4225235762237048,0.3336368112536774
2025-04-28,0.17444125773010927,0.4096544882940481,0.3211356565118147
2025-04-29,0.1742328341365814,0.3979246506890376,0.30919823077693137
2025-04-30,0.17478747234154657,0.38580534699325364,0.29780274757152525
2025-05-01,0.1730261096171064,0.37505880803472297,0.28692831080949016
2025-05-02,0.1661322466771075,0.36811924415336855,0.27655487142235347
2025-05-05,0.16610424647458114,0.35760470031750896,0.2683260823735404
2025-05-06,0.16341311626277868,0.34824341094998634,0.26245504434480144
2025-05-07,0.1636387177296429,0.33802866539478194,0.2532249755460867
2025-05-08,0.16578700815562428,0.3288412278410936,0.24443282274628586
2025-05-09,0.1657560916884124,0.3188619316178929,0.23615437786119609
2025-05-12,0.12065858838265886,0.33399964479126176,0.22818384150760654
2025-05-13,0.11880819335382799,0.32483455524676674,0.22060290687834014
2025-05-14,0.11955352078537916,0.3149779452173502,0.21339657324181766
2025-05-15,0.12484620899083623,0.305969589760122,0.206550367435375
2025-05-16,0.1273342908451106,0.29766282261975147,0.2000503118536517
2025-05-19,0.13086992770206832,0.2886261258528703,0.19388289394213282
2025-05-20,0.13032383946022572,0.28013968518247306,0.18884463829082884
2025-05-21,0.11582287290408114,0.2795288466593733,0.20335567824532216
2025-05-22,0.12095556486885595,0.2710176142327034,0.19701860051792416
2025-05-23,0.1247400499096444,0.2641075353299181,0.19428285709540413
2025-05-27,0.10113741948199945,0.2682721236507015,0.18841415288681626
2025-05-28,0.10280982163631103,0.2610761688339999,0.18531295002080167
2025-05-29,0.10336237005332186,0.25358587455287496,0.17991623364085932
2025-05-30,0.10466450339481846,0.24589913914928596,0.17490465309540162
2025-06-02,0.1027541255870986,0.2394065265799723,0.17006849979029598
2025-06-03,0.10202340915721228,0.233163983265252,0.16549817215590068
2025-06-04,0.10575630890435417,0.2260632797086618,0.1611885647025654
2025-06-05,0.1076737578180369,0.21998450820357077,0.15911286448525427
2025-06-06,0.10140136456535327,0.2169511756026173,0.15515932273265717
2025-06-09,0.10354905940894023,0.2103711367196639,0.151433943723427
2025-06-10,0.10207639082785967,0.2051437472821318,0.14792659194854058
2025-06-11,0.10233801258676187,0.19920406918519645,0.14538403475447398
2025-06-12,0.10159060203588972,0.1937503071638358,0.1422375905812237
2025-06-13,0.09465238268382892,0.19286787902134972,0.15099594828321056
2025-06-16,0.08927289132152767,0.19058300555645996,0.14751443341166598
2025-06-17,0.08666414635702434,0.18776619137015918,0.1509512724645943
2025-06-18,0.08670149769701647,0.18204701967084347,0.1474744662279577
2025-06-20,0.08656044946775233,0.17673777052324438,0.1447170313259372
2025-06-23,0.07921929505367145,0.17556420983871524,0.14161093119050516
2025-06-24,0.07522666276084548,0.17549500776744467,0.13869425049524167
2025-06-25,0.0752095465537281,0.17016267067407742,0.13595786128958767
2025-06-26,0.07151999719057785,0.1677389106100264,0.13339288457639353
2025-06-27,0.06932835501751869,0.16376672904515557,0.13099069136881936
2025-06-30,0.06787971693923094,0.15985731804021872,0.1287429047769146
2025-07-01,0.06801724242856844,0.15499253014607486,0.12665252851697656
2025-07-02,0.06742792328113714,0.15129656105563943,0.12468871031734877
2025-07-03,0.08491933557340171,0.14983005499060598,0.12285575189194953
2025-07-07,0.09681781929266312,0.14814872918175187,0.1302314016889713
2025-07-08,0.09846540515449592,0.14365131852201318,0.12831932132086157
2025-07-09,0.0998933596662335,0.14120210948114784,0.1265649785473065
2025-07-10,0.09943640025055481,0.1373378119990428,0.1249976299543903
2025-07-11,0.10242813467370926,0.1338562317908493,0.12546306522849293
2025-07-14,0.10244559859255922,0.1299899814639382,0.12401422946507022
2025-07-15,0.1080603028260046,0.12712532178392777,0.12548834496752775
2025-07-16,0.10809171190987951,0.1239339810511774,0.1240367809621008
2025-07-17,0.10590053701524693,0.12247798766081736,0.1227425977624993
2025-07-18,0.1061950340034746,0.11878097426513258,0.12167257740623912
2025-07-21,0.10598473015465694,0.11539778121033617,0.12063797234834736
2025-07-22,0.10772821455768583,0.11188368070634426,0.1197182734663687
2025-07-23,0.10387644117234016,0.11336656873644801,0.11890141097623574
2025-07-24,0.10484531823275758,0.1099205026398085,0.11817644373503658
2025-07-25,0.11702611930272773,0.10782511082350102,0.11753348122276291
2025-07-28,0.11806547627705427,0.10454488109743758,0.11697368998956631
2025-07-29,0.11862350567835551,0.10187899444942472,0.11758341742149192
2025-07-30,0.11881411765518347,0.09889681942488948,0.11726160076368998
2025-07-31,0.11872784459848014,0.09699117265796815,0.11896583211634407
2025-08-01,0.1053841265226344,0.11389647814168787,0.15557276858133737
2025-08-04,0.09452794152277913,0.12503952361359597,0.15113227161495396
2025-08-05,0.09475286684565785,0.12283087024686322,0.1503568072835785
2025-08-06,0.09548406173748225,0.12272958308357336,0.14640325161134163
2025-08-07,0.09599143524160504,0.11903535535027761,0.14291836757067372
2025-08-08,0.09235806144119864,0.1192957569586758,0.13967937372198685
2025-08-11,0.0924544703814913,0.11591736879195325,0.13729493107552102
2025-08-12,0.08508714626984308,0.11969225593142882,0.13461378754239126
2025-08-13,0.08919446761456909,0.11680429783666572,0.13220453851278316
2025-08-14,0.08920176497546216,0.11324654397879888,0.13004311492076764
2025-08-15,0.09079076151574202,0.11017422830058124,0.12890715514696668
2025-08-18,0.09091912394044292,0.10682123165932622,0.12709758772192173
2025-08-19,0.08895444404851822,0.10570508123475814,0.12981243897353606
2025-08-20,0.08998611030501,0.10300575182342578,0.12893228910405324
2025-08-21,0.0905618860388725,0.10108363572686041,0.1294705687767854
2025-08-22,0.0745363302228297,0.11452773540534215,0.1275946109818071
2025-08-25,0.07540516134394738,0.11235556000857401,0.1287766889893183
2025-08-26,0.07479250673004602,0.11013771434977788,0.1269739286620304
2025-08-27,0.07614499197312918,0.1071485812015485,0.1253628069389796
2025-08-28,0.07779329505719484,0.1047898788797371,0.12392479562407267
2025-08-29,0.07549990126075037,0.10422589243822165,0.12798659280607488
2025-09-02,0.07198107863348893,0.10510820509553652,0.13421774319682983
2025-09-03,0.07042000803376458,0.10405091405674,0.13184900038583644
2025-09-04,0.06405411819872954,0.10594475313568966,0.12972444034539987
2025-09-05,0.06322131493634431,0.10333455898159918,0.1290477256357602
2025-09-08,0.06389491541865365,0.10063976856901281,0.12721633685334377
2025-09-09,0.06472405056935152,0.0979861712181308,0.12557932133576333
2025-09-10,0.06730207719665578,0.09566197954643108,0.12411794263418131
2025-09-11,0.061421842793327006,0.09817189115575455,0.12281492043185242
2025-09-12,0.11502450928253699,0.09519007067942217,0.1216716003527442
2025-09-15,0.12568636820083434,0.0945714398046058,0.12063710342594935
2025-09-16,0.12566609575380625,0.09184681837377334,0.12001395461233039
2025-09-17,0.1265691239655199,0.08917987543020076,0.1194063995089484
2025-09-18,0.1278057610038465,0.08834268532735405,0.11862455968772313
2025-09-19,0.12818120397631208,0.08777948525413992,0.11793085842679596
2025-09-22,0.13228243069091464,0.08706175844661496,0.11731577202978634
2025-09-23,0.1308557690007116,0.08703711401603643,0.121452490398019
2025-09-24,0.13167236131235,0.08529055680025893,0.12201016902476959
2025-09-25,0.13232026635888935,0.0846244676245126,0.12420322473332729
2025-09-26,0.13391113970119237,0.08500033060374014,0.12289091985461705
2025-09-29,0.1398793095655321,0.08313033076960975,0.12172203456040437
2025-09-30,0.13955913959757962,0.08191301369377176,0.12068195698855254
2025-10-01,0.1390462420671925,0.08051162368426228,0.11975735639139179
2025-10-02,0.14442358892361623,0.07818715272582205,0.11893611039210349
2025-10-03,0.14489064587853068,0.07580527904521828,0.11820726361923134
2025-10-06,0.14448571836829072,0.07480252922626297,0.11756080625080106
2025-10-07,0.14997963044132756,0.07394790596254575,0.11917460805867676
2025-10-08,0.1489943350869876,0.07533018944407238,0.11841884772388335
2025-10-09,0.15349093474119835,0.0739014597281498,0.11907883391281054
2025-10-10,0.11879504473291404,0.1283940291324659,0.20519677177450435
2025-10-13,0.11921189653458049,0.13784742383145618,0.19653777860547839
2025-10-14,0.11940907069822206,0.1337325283482279,0.18872121694896246
2025-10-15,0.11838572867182534,0.13079762548480195,0.18139573081141555
2025-10-16,0.1302105790072273,0.12956690884546535,0.17961534402272883
2025-10-17,0.12865248888390537,0.12753326165295562,0.17305184101940466
2025-10-20,0.12769683527274833,0.13002899442974356,0.16705054272083833
2025-10-21,0.13115844140298671,0.12606780089239128,0.16157399308993078
2025-10-22,0.13056621767557217,0.12389635408650265,0.15980063049559842
2025-10-23,0.13992733030130255,0.12230220331467907,0.1549731362511828
2025-10-24,0.14136061029043767,0.12272750893294569,0.15058806927127313
2025-10-27,0.14470492437823046,0.12742939815986984,0.14661268895029145
2025-10-28,0.14817288168670883,0.12397711118368078,0.14301567890941186
2025-10-29,0.15016222493564219,0.12021478146042427,0.1397671717421823
2025-10-30,0.14622258542615088,0.1242324972869721,0.1526532798300758
2025-10-31,0.1466620400071317,0.12111913713648573,0.1484839853938004
2025-11-03,0.14665814962388404,0.11765546049546294,0.14470801040626788
2025-11-04,0.14095238045022646,0.12313471705231312,0.15901840718882607
2025-11-05,0.1404404269247847,0.12013899472271564,0.15426202052003796
2025-11-06,0.13528737973479704,0.12380156750313723,0.16382554233437976
2025-11-07,0.13566331301560475,0.12009104740827235,0.15863553892187
2025-11-10,0.12406876801732047,0.1310785702447332,0.15391403683489663
2025-11-11,0.1260069437906212,0.12739602649685594,0.1496272140471881
2025-11-12,0.12626133591722621,0.12353396804640068,0.14574265968768407
2025-11-13,0.11784062406561022,0.13630328649578544,0.17524395275914478
2025-11-14,0.11796136338797561,0.13215247390748502,0.16905656002303357
2025-11-17,0.11360139194561154,0.1331958442433485,0.1731482303870049
2025-11-18,0.11641204634097183,0.13323638525701878,0.1749211074596305
2025-11-19,0.11864870111193017,0.13004468612974315,0.16875850568218548
2025-11-20,0.11013940566501317,0.1395134711086175,0.18592917638302373
2025-11-21,0.1066713363429099,0.1406472452792782,0.17882473578446167
2025-11-24,0.09460869797748883,0.14772512615988287,0.17231395737310365
2025-11-25,0.08945305974675685,0.14777869627129692,0.16635852287737438
2025-11-26,0.08605568542391685,0.14575290265944696,0.16092157052166384
2025-11-28,0.08481042043847435,0.14288915377456854,0.1559676456661013
2025-12-01,0.08335336118421961,0.13967418458792208,0.1539382264218217
2025-12-02,0.08718615239994226,0.13561020810725996,0.14961979189779917
2025-12-03,0.08656282993387394,0.13216426626255304,0.14570370972421345
2025-12-04,0.08967498743772281,0.1281695231107499,0.14215928527933208
2025-12-05,0.09186534812885049,0.12448384522671485,0.1389572439159354
2025-12-08,0.09195936097658025,0.12125727424313323,0.1372655169355542
2025-12-09,0.09190897480200111,0.11761122434557567,0.134646346107072
2025-12-10,0.09189208618806584,0.11688941951395895,0.13219080656951415
2025-12-11,0.09169028192423731,0.11368833201241141,0.12998594766073376
2025-12-12,0.08357697461722458,0.11796822889508263,0.14354710376755792
2025-12-15,0.08521862331825804,0.1145254693874974,0.14050437374477137
2025-12-16,0.0852119983181339,0.11154507113763233,0.13844385575372445
2025-12-17,0.07567954153206972,0.11639080748516314,0.15102827530140311
2025-12-18,0.10170580547935942,0.1165749229008545,0.14698012844676184
2025-12-19,0.104773382040462,0.11834367169240374,0.14331382388515948
2025-12-22,0.10408382488306075,0.11725226238034732,0.13999960548871043
2025-12-23,0.10282557114068806,0.11505481165457726,0.1370091555462391
2025-12-24,0.10363890048560408,0.11238237872762584,0.13431562228329857
2025-12-26,0.10459493317541957,0.10895947212953701,0.13189505049998193
2025-12-29,0.1038250346497381,0.10654831969076103,0.13148237214636113
2025-12-30,0.10397373203403507,0.10341164557229483,0.129558720267347
2025-12-31,0.10112444673066598,0.10434790139768985,0.13522285279765
2026-01-02,0.10243894317553352,0.10141935677157489,0.13270895937547583
2026-01-05,0.1041490684038541,0.10166113102635405,0.1304509110279711
2026-01-06,0.10344605721067714,0.10122499529749025,0.12842583366635452
2026-01-07,0.11207118172909669,0.09894099479817794,0.12809002413093523
2026-01-08,0.13080476150663584,0.09592766570014057,0.12631336496303275
2026-01-09,0.12982279935512278,0.0964725108901711,0.12472344070274406
2026-01-12,0.13004149801348105,0.0937323850946992,0.12330374157991142
2026-01-13,0.12984986555344735,0.09120957341101428,0.1226287086435553
2026-01-14,0.14003354134032442,0.09048275573456936,0.12499317736150507
2026-01-15,0.1397227590561232,0.08836136690722647,0.12354447654814554
2026-01-16,0.1398082454412062,0.08573151495586111,0.12235586461981518
2026-01-20,0.12056013809206628,0.11534562981572132,0.17309040866672906
2026-01-21,0.11385729242854295,0.12040473851547348,0.167068138998901
2026-01-22,0.11522046547141031,0.11848131539073481,0.16156884538674535
2026-01-23,0.12083655461450996,0.11488055352504149,0.15655690053435106
2026-01-26,0.12222537526146665,0.11310898887522475,0.15199806079892042
2026-01-27,0.12501802980094814,0.11074779567204225,0.14785945871536849
2026-01-28,0.12657128108139365,0.10737468498898675,0.1441108810611017
2026-01-29,0.1275245552913183,0.1043897467874843,0.1412248452674775
2026-01-30,0.12709905655584114,0.10187384551994502,0.13927532242229537
2026-02-02,0.1297379600137367,0.10063495452966974,0.13635635830332182
2026-02-03,0.1286322481657715,0.10300462544292417,0.14313135521557746
2026-02-04,0.12900811589616948,0.10163581504393288,0.1428462009104287
2026-02-05,0.12979314850115972,0.10999224950325574,0.1586972433765623
2026-02-06,0.11512903242254739,0.12974003278188775,0.15394381056533335
2026-02-09,0.11399890171407587,0.1271706380929129,0.14962486059422483
2026-02-10,0.11370033807883254,0.12372331497637314,0.1465696719504976
2026-02-11,0.12600463549293411,0.11995757029141067,0.1429492254598246
2026-02-12,0.11501660129756519,0.13111677874968597,0.16810719278980968
2026-02-13,0.1204756360243569,0.1271519207426897,0.16251689684634338
2026-02-17,0.12070040947823008,0.12343765620899481,0.15742022804487643
2026-02-18,0.12937697329230902,0.12126186777639224,0.15278269603557534
2026-02-19,0.12933382622074757,0.11801534269461793,0.14941619117522054
2026-02-20,0.1367481780073471,0.11780089174940096,0.14551926812290258
2026-02-23,0.13692107972914147,0.12098461315237366,0.15480794040520687
2026-02-24,0.135014722508554,0.12063199250340599,0.15040937221272904
2026-02-25,0.13314814388755217,0.12143541881646323,0.14641915429404723
2026-02-26,0.14638662481224968,0.11971156241028695,0.14667585265092048
2026-02-27,0.15768401683156458,0.11756415240150933,0.14593345222104537
2026-03-02,0.15811861436504857,0.1140040965272026,0.14236703646337429
2026-03-03,0.18536095538532865,0.1157680879564067,0.1489673974129033
2026-03-04,0.1855958042088434,0.1155227164291194,0.14511276862198713
2026-03-05,0.1845592086209345,0.1140940742454982,0.14555548548835665
2026-03-06,0.17930123194387745,0.1219362850561684,0.1626540417930547
2026-03-09,0.17661503723817926,0.12299003317121544,0.1575451418637182
2026-03-10,0.19781425726236537,0.11940714216299453,0.15320135446010227
2026-03-11,0.19881535272487583,0.11587248230530682,0.14914210365395547
2026-03-12,0.19126680542341354,0.1271256673202471,0.1719219940298568
2026-03-13,0.19330978549253816,0.12521357667526553,0.16946807786436513
2026-03-16,0.19474353236786304,0.12762407146593832,0.16375908883047224
2026-03-17,0.19651086463190517,0.12415708617112975,0.15855186432880886
2026-03-18,0.19027464545533543,0.13219551759521264,0.175463282213564
2026-03-19,0.194797697820701,0.12852691318622672,0.1698859801612947
2026-03-20,0.18806798946090336,0.13667660487739441,0.1856611686106346
2026-03-23,0.1858453374016863,0.13859760334541568,0.17857890594695958
2026-03-24,0.18887877675132786,0.1350099528577029,0.1732708955430513
2026-03-25,0.18835222498224402,0.13266867612618846,0.16723311423081075
2026-03-26,0.17926480476480022,0.14647439605476248,0.19462145430469754
2026-03-27,0.16865959981948758,0.1569714410698479,0.2134872001048095
2026-03-30,0.1691287728722274,0.15274557819212492,0.20516834200059628
2026-03-31,0.13512973421397004,0.18532430021606988,0.19651088435216182
2026-04-01,0.13705897000707734,0.18203383152382807,0.1885432440306707
2026-04-02,0.13737285094249918,0.17652304454026663,0.18122333632595747
2026-04-06,0.13697012529257765,0.1721249714258364,0.1745107554469157
2026-04-07,0.1398671152829471,0.16689011674290763,0.16836666082516352
2026-04-08,0.11829388247615688,0.18906457477607844,0.16275369163888004
2026-04-09,0.11702699979795461,0.18466460420070355,0.1576359084829688
2026-04-10,0.12058858737613679,0.17905747624882862,0.15303045582961486
2026-04-13,0.11582387186397816,0.17767347690245497,0.14879597599822425
2026-04-14,0.1076844944213927,0.17858221364408053,0.14399518297304828
2026-04-15,0.10587600212035177,0.17581875632978708,0.14054010986833065
2026-04-16,0.10914622297092924,0.17072954537218382,0.1374160414798673
2026-04-17,0.10926998857863594,0.17199348151651717,0.13459628452485356
2026-04-20,0.1090673242361539,0.16693543624973725,0.13259122714610425
2026-04-21,0.10915507015564029,0.16385276745835986,0.13598464493341075
2026-04-22,0.10929659276604305,0.16362108221139082,0.13330599672009383
2026-04-23,0.10864946301167536,0.15935539070417568,0.13292182387487955
2026-04-24,0.10605597266026118,0.15738962269364587,0.13054884127976726
2026-04-27,0.10845352294662901,0.1527416175321984,0.12841634206374308
2026-04-28,0.1070642164711366,0.1492982230623013,0.1297872838247517
2026-04-29,0.10882916570034426,0.14475124539816056,0.12773597817135185
2026-04-30,0.1033767327642525,0.14552598542582926,0.12589292678647554
2026-05-01,0.1033614274998564,0.1415017977687436,0.12424223923436244
2026-05-04,0.10265022484327037,0.1379313414391318,0.1246914680217014
2026-05-05,0.10177155295388564,0.13729119031253986,0.12316738457999182
2026-05-06,0.09019890111888358,0.1435233045411971,0.1218053161463688
2026-05-07,0.12896531806792447,0.13966238321613872,0.12196482362162381
2026-05-08,0.1258757103062151,0.13913093687437897,0.12073174009697928
2026-05-11,0.12604911886321649,0.13518219626741726,0.11963199860574976
2026-05-12,0.13799008994875858,0.13119651050917505,0.11899429070904177
2026-05-13,0.14909119365045834,0.12903654660664393,0.11808435220876001
2026-05-14,0.14770127638166142,0.12878775339851412,0.11727474021866549
2026-05-15,0.15433827995952928,0.13343778280178484,0.13699157729324116
2026-05-18,0.1557708485866336,0.12940166920697643,0.1342788130892536
2026-05-19,0.16028585930439943,0.12812266834539243,0.13763499467759166
2026-05-20,0.16040410664489305,0.13039396067033243,0.13479374787171472
2026-05-21,0.1606399570589093,0.12665613345821344,0.132233334929877
2026-05-22,0.1682483454120041,0.12374193719597505,0.12992978747954398
2026-05-26,0.16660907812874678,0.12270003161165052,0.1278605729058494
2026-05-27,0.1666868358426155,0.11896400064595834,0.12600880727767272
2026-05-28,0.16753160011956675,0.11730685262245785,0.12434595968987268
2026-05-29,0.17706835679910354,0.11414404263179719,0.12285846470846136
2026-06-01,0.17893604704221033,0.11117080905193909,0.12152943254133723
2026-06-02,0.17893570589101404,0.10791317955905635,0.1203433041338089
2026-06-03,0.17724265623786095,0.10814950181496871,0.1264256757729461
2026-06-04,0.1794077270137146,0.10587543364909488,0.12471915681358263
2026-06-05,0.15446027696264839,0.14448205245254825,0.1984075882842056
2026-06-08,0.15464203600573886,0.14035633322367144,0.1902841728413772
2026-06-09,0.1571642471891865,0.13655981477955434,0.18364322771849556
2026-06-10,0.14748499256505307,0.14610914158490895,0.20039870133748733
2026-06-11,0.13753890973675606,0.15608321098706346,0.1921183471735095
2026-06-12,0.13677970483370716,0.15277470712972227,0.18449554695496465
2026-06-15,0.12270197345251488,0.16297178648071883,0.17749031194563478
2026-06-16,0.12238157355814484,0.15970850558086594,0.17472224016732477
2026-06-17,0.11930651051482007,0.16237029077958076,0.1843601159745486
2026-06-18,0.11366149977365976,0.16248034174902523,0.1773659677774679
2026-06-22,0.11688962847264814,0.15800657606582066,0.17197515716565234
2026-06-23,0.10480425948023195,0.16341261505223784,0.18743330297201952
2026-06-24,0.11369598641789071,0.15844466405564742,0.18020968255326603
2026-06-25,0.11363747349573715,0.15372046716446294,0.173557368073197
2026-06-26,0.1106814746355795,0.15168584735466026,0.172936188045634
2026-06-29,0.09464721077813636,0.16020405205864047,0.1668931893358035
2026-06-30,0.10597129443776493,0.1582249133516876,0.16136735093675214
2026-07-01,0.12120268298342603,0.1534949894009128,0.15653118757254952
2026-07-02,0.12376103337465505,0.14890672100880173,0.15211968716011884
2026-07-06,0.12994432627532218,0.14827170480707047,0.1479071676852805
2026-07-07,0.14360557697137152,0.14494300463883034,0.14684290071045727
2026-07-08,0.14336058194657317,0.141041572916648,0.14429760080003412
2026-07-09,0.14031798515405003,0.1406185196906786,0.14081382046568375
2026-07-10,0.14115385170168362,0.13735659482839654,0.13766332206891724
2026-07-13,0.1384964354443421,0.13648420735934694,0.1423586384115944
2026-07-14,0.13839084394345944,0.1330421218789202,0.13905964717729694
2026-07-15,0.1379626757601308,0.1299030273032788,0.13607917522669097
2026-07-16,0.1388197336867456,0.12770540622383086,0.1372502022786301
2026-07-17,0.13443900583029605,0.1297151347989774,0.14688771551654212
2026-07-20,0.13536571589812108,0.12592030704519733,0.14348192295781076
2026-07-21,0.13428860364090378,0.12628489645101418,0.1400756672653558
2026-07-22,0.13443104715164078,0.1225213002019877,0.13717119720329074
2026-07-23,0.130471065372366,0.12823979126927837,0.15336067472275713
2026-07-24,0.13122403660659945,0.12439577259081433,0.14903483897862316
2026-07-27,0.13163688980293062,0.12060911682840707,0.1451066486442794
2026-07-28,0.1318501811649987,0.11730417776302117,0.14154627257002775
2026-07-29,0.11981311592480283,0.1287266250796713,0.1662565568781802
2026-07-30,0.10681500181554503,0.1405568122275219,0.16078582473805933
2026-07-31,0.10404807044006262,0.13910079272213,0.15579387897285193
2026-08-03,0.09175410374438908,0.1456442574950653,0.15124756563544473
2026-08-04,0.07067372024601075,0.15737535187662635,0.14711504138666393
2026-08-05,0.072051354829603,0.15277884058607083,0.1438577625902618
2026-08-06,0.08078160152711711,0.14825503226392295,0.14073751109578173
2026-08-07,0.0790267408776125,0.14568043428947844,0.1375943776023712
2026-08-10,0.08140193742475416,0.1412471582000656,0.13476873185249763
2026-08-11,0.08228409613257978,0.13750844865890405,0.1335741121714549
2026-08-12,0.08454166470575665,0.13367374755048897,0.1311355948249019
2026-08-13,0.08628977297713529,0.13239174775297655,0.1289433250184666
2026-08-14,0.0874550517309462,0.1285896552522349,0.12752136511924367
2026-08-17,0.08735999344621624,0.12602653242939424,0.1288216862586053
2026-08-18,0.08543366929642371,0.12499797944418957,0.13311915839881064
2026-08-19,0.09404971194416017,0.12146367544915873,0.1307263243455011
2026-08-20,0.08927286980440718,0.12224595347712461,0.13801824342193472
2026-08-21,0.10364553244985007,0.11958042578666528,0.1351394411953805
2026-08-24,0.10311927853368985,0.11650084301755992,0.13369535785823347
2026-08-25,0.10565800261590327,0.11363117380427226,0.13124468556726243
2026-08-26,0.1056952346420382,0.1101728918598062,0.12904132560166726
2026-08-27,0.10490095688627528,0.10979436448391004,0.12706334411018683
2026-08-28,0.10789869253676229,0.10681557968569218,0.12601697307699733
2026-08-31,0.10757319480409827,0.10421387876505457,0.12562194482878217
2026-09-01,0.10500675413622954,0.1045348660135592,0.13084563654833573
2026-09-02,0.10401666196083688,0.10280187913748448,0.1287514684241872
