ticker,horizon,model,skill,verdict,one_sigma_cov,skill_vs_ewma,ci_vs_ewma_lo,ci_vs_ewma_hi,verdict_vs_ewma,n_independent
SPY,5,naive,0.0,baseline,0.6672297297297297,0.013027684814024276,-0.036458352142768546,0.05867061675861697,inconclusive,118
SPY,5,ewma,-0.013199645637040458,not_better,0.7094594594594594,,,,,118
SPY,5,har,0.06029869558669965,better,0.6587837837837838,0.07254082799992356,0.03237083182364957,0.11022856510572948,better,118
SPY,5,garch,0.07084329263551281,better,0.7466216216216216,0.08294805336189393,0.045042704572448404,0.1152905081159611,better,118
SPY,20,naive,0.0,baseline,0.702054794520548,-0.005731891940212286,-0.09574597517121224,0.09021880498637241,not_better,29
SPY,20,ewma,0.005699224600658193,inconclusive,0.7517123287671232,,,,,29
SPY,20,har,0.0636016248773903,inconclusive,0.7517123287671232,0.05823429057819718,-0.006144585769524895,0.1477281882126932,inconclusive,29
SPY,20,garch,0.14233003118312382,better,0.791095890410959,0.13741395960150027,0.059362294948380835,0.2133979554037611,better,29
SPY,60,naive,0.0,baseline,0.5975177304964538,-0.02368086662994129,-0.13487670990965642,0.06411062576282407,not_better,9
SPY,60,ewma,0.023133055820317328,inconclusive,0.6595744680851063,,,,,9
SPY,60,har,0.12531177765188117,better,0.6879432624113475,0.10459840251567498,0.027768935168051654,0.1895190441893397,better,9
SPY,60,garch,0.22025594797224934,better,0.75,0.20179093307069018,0.11151350811407534,0.2906156663990701,better,9
SPY,120,naive,0.0,baseline,0.4419475655430712,-0.04873980278162593,-0.15356003353079797,0.020087671807470654,not_better,4
SPY,120,ewma,0.04647463808692198,inconclusive,0.5093632958801498,,,,,4
SPY,120,har,0.22826089559345186,inconclusive,0.5355805243445693,0.19064648384580807,0.08223808020749461,0.3002795607998109,inconclusive,4
SPY,120,garch,0.33181325149655716,inconclusive,0.653558052434457,0.29924596115320334,0.19729027012547543,0.3511194533029216,inconclusive,4
QQQ,5,naive,0.0,baseline,0.6655405405405406,0.02587423069179484,-0.022187579035686113,0.06734394220480198,inconclusive,118
QQQ,5,ewma,-0.026561488780006304,not_better,0.6841216216216216,,,,,118
QQQ,5,har,0.03289754466992156,inconclusive,0.6554054054054054,0.05792057670173323,0.020193462338581724,0.09309222478388073,better,118
QQQ,5,garch,0.01049662410438812,inconclusive,0.7179054054054054,0.036099262722620984,-0.0016488677441965595,0.06866354598876138,inconclusive,118
QQQ,20,naive,0.0,baseline,0.7054794520547946,0.015188908847364457,-0.07236057401500019,0.1180366472518403,inconclusive,29
QQQ,20,ewma,-0.015423169970179007,not_better,0.7465753424657534,,,,,29
QQQ,20,har,0.0664567222135849,inconclusive,0.7414383561643836,0.08063622596495257,0.021773596162042917,0.15211775871576977,better,29
QQQ,20,garch,0.08284066648978905,inconclusive,0.791095890410959,0.09677131600498523,-0.012656407598543898,0.17906243103269964,inconclusive,29
QQQ,60,naive,0.0,baseline,0.6843971631205674,-0.020903426355391774,-0.11570104132185745,0.06136913867407025,not_better,9
QQQ,60,ewma,0.02047541992293689,inconclusive,0.723404255319149,,,,,9
QQQ,60,har,0.1452885681420093,better,0.7180851063829787,0.12742217067105432,0.05206135392557543,0.18697660413806783,better,9
QQQ,60,garch,0.21800078121334387,better,0.7801418439716312,0.20165431813346313,0.12118123128538263,0.26322930677501954,better,9
QQQ,120,naive,0.0,baseline,0.5636704119850188,-0.06931278311285016,-0.17154604413128535,-0.015579227202755707,not_better,4
QQQ,120,ewma,0.06481993314535672,inconclusive,0.6235955056179775,,,,,4
QQQ,120,har,0.27412108604516183,inconclusive,0.6086142322097379,0.22380839831601884,0.0958429540676942,0.33224900834853605,inconclusive,4
QQQ,120,garch,0.3789455202604408,inconclusive,0.7471910112359551,0.3358985058049887,0.2380612048456293,0.37562697589147276,inconclusive,4
AAPL,5,naive,0.0,baseline,0.6621621621621622,-0.0025541713185364134,-0.03598174941567243,0.026033392689722348,not_better,118
AAPL,5,ewma,0.0025476641478408,inconclusive,0.6706081081081081,,,,,118
AAPL,5,har,0.06473359635826792,better,0.5912162162162162,0.062344765734895446,0.02832395250408071,0.10328140489302574,better,118
AAPL,5,garch,0.03483196731470328,inconclusive,0.6706081081081081,0.032366762808050176,-0.010830776052817815,0.07101512642111524,inconclusive,118
AAPL,20,naive,0.0,baseline,0.6044520547945206,-0.02445333407322292,-0.09939669518848428,0.05982580861728809,not_better,29
AAPL,20,ewma,0.023869641749318604,inconclusive,0.6232876712328768,,,,,29
AAPL,20,har,0.1248490912685759,better,0.6181506849315068,0.10344873373288188,0.034356186785841264,0.1819600810951626,better,29
AAPL,20,garch,0.13134776973797857,inconclusive,0.6746575342465754,0.11010632655793129,0.005719209708102476,0.2015955925356652,better,29
AAPL,60,naive,0.0,baseline,0.5797872340425532,-0.07465145481391744,-0.16275584013880587,-0.026224980499173912,not_better,9
AAPL,60,ewma,0.06946573652277221,better,0.5957446808510638,,,,,9
AAPL,60,har,0.2522298480473756,better,0.5921985815602837,0.1964077183376881,0.07820481679414104,0.3368550885013352,better,9
AAPL,60,garch,0.29895643333369004,better,0.6329787234042553,0.2466225111941125,0.10967648274615403,0.3612147401472107,better,9
AAPL,120,naive,0.0,baseline,0.5898876404494382,-0.0748275663605733,-0.1384394171156444,-0.01232959751519494,not_better,4
AAPL,120,ewma,0.06961820547080277,inconclusive,0.5973782771535581,,,,,4
AAPL,120,har,0.36532149868445696,inconclusive,0.5880149812734082,0.317830051009639,0.2183859491469374,0.4262909251785019,inconclusive,4
AAPL,120,garch,0.45043261489368913,inconclusive,0.6217228464419475,0.40930982491504,0.29943397234223573,0.42488575162673403,inconclusive,4
MSFT,5,naive,0.0,baseline,0.6773648648648649,-0.018083153956328646,-0.04611747447847026,0.00963972810004359,not_better,118
MSFT,5,ewma,0.017761961668903536,inconclusive,0.6891891891891891,,,,,118
MSFT,5,har,0.08308963503284916,better,0.6334459459459459,0.06650900373899471,0.01936680820242813,0.11459881340280666,better,118
MSFT,5,garch,0.06314357921591363,better,0.7077702702702703,0.04620226032389996,0.004997981103512447,0.08704073868607587,better,118
MSFT,20,naive,0.0,baseline,0.672945205479452,-0.0684895437234041,-0.1121708405895192,-0.0033626342543836493,not_better,29
MSFT,20,ewma,0.06409940473983122,better,0.7191780821917808,,,,,29
MSFT,20,har,0.14196152607161927,better,0.7037671232876712,0.08319486249513852,-0.02344017404139427,0.16948607949857208,inconclusive,29
MSFT,20,garch,0.21271168300072785,better,0.7363013698630136,0.1587906653906811,0.06065733192409151,0.22937297408130583,better,29
MSFT,60,naive,0.0,baseline,0.6294326241134752,-0.10062843897499363,-0.1933086538780642,-0.05338315537979998,not_better,9
MSFT,60,ewma,0.09142816541130638,better,0.6471631205673759,,,,,9
MSFT,60,har,0.1851607853100814,better,0.6436170212765957,0.10316478712022514,0.031246654800640476,0.2135753301640551,better,9
MSFT,60,garch,0.31336922938476863,better,0.6524822695035462,0.244274646785561,0.17092174058965606,0.3238088694318821,better,9
MSFT,120,naive,0.0,baseline,0.5955056179775281,-0.11215732270629974,-0.11722248122150843,-0.07031106038559043,not_better,4
MSFT,120,ewma,0.10084663420942863,inconclusive,0.601123595505618,,,,,4
MSFT,120,har,0.25888349436676283,inconclusive,0.5730337078651685,0.1757618512814907,0.12302705090152756,0.2311571786157169,inconclusive,4
MSFT,120,garch,0.44617324890559296,inconclusive,0.6217228464419475,0.3840575232597161,0.3615131198435911,0.42637244096801674,inconclusive,4
NVDA,5,naive,0.0,baseline,0.6858108108108109,0.00694333354986687,-0.020740705452478025,0.04095149564071523,inconclusive,118
NVDA,5,ewma,-0.006991880508377291,not_better,0.6959459459459459,,,,,118
NVDA,5,har,0.04715393176985816,inconclusive,0.6587837837837838,0.053769859843259216,0.017124391790301806,0.09306677001801694,better,118
NVDA,5,garch,-0.19014351797194373,not_better,0.7635135135135135,-0.1818799545544525,-0.262344543622173,-0.11370820961191788,not_better,118
NVDA,20,naive,0.0,baseline,0.7688356164383562,0.03184949631887957,-0.03211648499434572,0.10727194462198643,inconclusive,29
NVDA,20,ewma,-0.0328972573972548,not_better,0.7791095890410958,,,,,29
NVDA,20,har,-0.06321924744125673,not_better,0.8082191780821918,-0.02935624993371455,-0.19276587345176777,0.08228527500043435,not_better,29
NVDA,20,garch,-0.3384403402379441,not_better,0.8527397260273972,-0.2958116895484957,-0.6318208318374353,-0.06383936510045263,not_better,29
NVDA,60,naive,0.0,baseline,0.8067375886524822,-0.022522322826142194,-0.0844949447596928,0.05294109375141653,not_better,9
NVDA,60,ewma,0.022026240721955914,inconclusive,0.8315602836879432,,,,,9
NVDA,60,har,0.005341090239088908,inconclusive,0.8404255319148937,-0.017060938828444838,-0.27888535488373084,0.15408673230420278,not_better,9
NVDA,60,garch,-0.07379603787664113,not_better,0.8617021276595744,-0.0979804188911313,-0.44392850178162113,0.1733638791254337,not_better,9
NVDA,120,naive,0.0,baseline,0.8220973782771536,-0.09564737084902841,-0.19616941269163263,-0.017175897119474547,not_better,4
NVDA,120,ewma,0.08729758624338246,inconclusive,0.8632958801498127,,,,,4
NVDA,120,har,0.16851955418733378,inconclusive,0.8127340823970037,0.08899063563297427,-0.2705573593113141,0.4049408949774365,inconclusive,4
NVDA,120,garch,0.10342327979897992,inconclusive,0.8408239700374532,0.01766807374730739,-0.4850083752028293,0.4509634953579996,inconclusive,4
TSLA,5,naive,0.0,baseline,0.7331081081081081,-0.003753937370204019,-0.026691239921987464,0.02107565915639617,not_better,118
TSLA,5,ewma,0.0037398980272389526,inconclusive,0.7449324324324325,,,,,118
TSLA,5,har,0.08478121612272749,better,0.7094594594594594,0.08134554212801781,0.04880245008696301,0.11567889630605992,better,118
TSLA,5,garch,-0.024696338829009346,not_better,0.7668918918918919,-0.02854298470845107,-0.07183107966423155,0.010546934745148362,not_better,118
TSLA,20,naive,0.0,baseline,0.7226027397260274,-0.12259643578842505,-0.18571737836566307,-0.05397073754397892,not_better,29
TSLA,20,ewma,0.10920793250365413,better,0.7243150684931506,,,,,29
TSLA,20,har,0.14766519926353439,inconclusive,0.7054794520547946,0.04317199059480625,-0.08219827699671148,0.14340434408379893,inconclusive,29
TSLA,20,garch,0.0908224021367996,inconclusive,0.7345890410958904,-0.02063953085991077,-0.19226031506074104,0.09424159711046975,not_better,29
TSLA,60,naive,0.0,baseline,0.625886524822695,-0.1529823124075831,-0.2579980921677777,-0.05891320529404577,not_better,9
TSLA,60,ewma,0.13268400630373522,better,0.6578014184397163,,,,,9
TSLA,60,har,0.16561978132580146,inconclusive,0.7163120567375887,0.037974366045877894,-0.27359455385800363,0.2119380257721857,inconclusive,9
TSLA,60,garch,0.15933936630594492,inconclusive,0.7393617021276596,0.03073315861340431,-0.3568563917062617,0.2667432164423476,inconclusive,9
TSLA,120,naive,0.0,baseline,0.8146067415730337,-0.15841598444740845,-0.28867232882206373,-0.05176857535683669,not_better,4
TSLA,120,ewma,0.13675224321337087,inconclusive,0.8108614232209738,,,,,4
TSLA,120,har,0.2572445513420609,inconclusive,0.7696629213483146,0.13958021573923707,-0.23008349500652447,0.3116388137942329,inconclusive,4
TSLA,120,garch,0.20536257542932246,inconclusive,0.7940074906367042,0.07947930553720528,-0.35023331555968334,0.32390178859541036,inconclusive,4
AMZN,5,naive,0.0,baseline,0.6891891891891891,-0.015266675563537557,-0.046096155400371236,0.011173389659655952,not_better,118
AMZN,5,ewma,0.015037108900539442,inconclusive,0.6908783783783784,,,,,118
AMZN,5,har,0.09924140531641312,better,0.6385135135135135,0.08548981609031081,0.045253491034639326,0.13101597910039303,better,118
AMZN,5,garch,0.04290813894654966,inconclusive,0.7415540540540541,0.028296528019344236,-0.019264079921363243,0.07387179102769921,inconclusive,118
AMZN,20,naive,0.0,baseline,0.684931506849315,-0.08188602095529185,-0.1394677450914737,-0.01691229161768135,not_better,29
AMZN,20,ewma,0.07568821425660666,better,0.702054794520548,,,,,29
AMZN,20,har,0.19623362025405355,better,0.6986301369863014,0.13041638963901803,0.03733997650134117,0.2217927366388147,better,29
AMZN,20,garch,0.20005662195574414,better,0.7568493150684932,0.13455244173816527,0.05930994338190291,0.22040209158249244,better,29
AMZN,60,naive,0.0,baseline,0.7588652482269503,-0.17121862535598753,-0.24925599801017295,-0.10211292023334652,not_better,9
AMZN,60,ewma,0.1461884413799739,better,0.7819148936170213,,,,,9
AMZN,60,har,0.39049293981231237,better,0.7553191489361702,0.28613397882220737,0.23459192365743928,0.37326961635900446,better,9
AMZN,60,garch,0.3873511072281677,better,0.8297872340425532,0.28245420598190674,0.1552349959466689,0.4019321040257595,better,9
AMZN,120,naive,0.0,baseline,0.8895131086142322,-0.22499452997900948,-0.29374558628295344,-0.13911231688665648,not_better,4
AMZN,120,ewma,0.1836698242096353,inconclusive,0.8820224719101124,,,,,4
AMZN,120,har,0.5094413688949944,inconclusive,0.9044943820224719,0.39906836026237724,0.3173998376614891,0.49663839401556104,inconclusive,4
AMZN,120,garch,0.4432533987860733,inconclusive,0.9588014981273408,0.31798845892853467,0.1996926653821257,0.5565623496293599,inconclusive,4
GOOGL,5,naive,0.0,baseline,0.6756756756756757,-0.030539223020323414,-0.06118851178578185,-0.0011847645349277298,not_better,118
GOOGL,5,ewma,0.0296342170565993,better,0.6925675675675675,,,,,118
GOOGL,5,har,0.1124556504179921,better,0.643581081081081,0.08535073558567918,0.03763191011213371,0.12686159469465078,better,118
GOOGL,5,garch,0.03590791740340238,inconclusive,0.7027027027027027,0.006465294280856848,-0.04447670581257455,0.04745691746126397,inconclusive,118
GOOGL,20,naive,0.0,baseline,0.6044520547945206,-0.10697399745665459,-0.15427120406960979,-0.04697069655988879,not_better,29
GOOGL,20,ewma,0.09663641395591427,better,0.6215753424657534,,,,,29
GOOGL,20,har,0.21356892504157488,better,0.625,0.12944124922913824,0.008673299984888574,0.20500489920886095,better,29
GOOGL,20,garch,0.205811372948548,better,0.6352739726027398,0.12085384077824213,-0.007163769671897188,0.22349278437010725,inconclusive,29
GOOGL,60,naive,0.0,baseline,0.5035460992907801,-0.21544190938222108,-0.3005090177761634,-0.12134422110214163,not_better,9
GOOGL,60,ewma,0.17725397464015769,better,0.5177304964539007,,,,,9
GOOGL,60,har,0.4092253429875101,better,0.5230496453900709,0.2819477228661126,0.1971389102947136,0.3671497437485775,better,9
GOOGL,60,garch,0.44472083584029454,better,0.5230496453900709,0.32509043247356373,0.199412940814247,0.43439109872771736,better,9
GOOGL,120,naive,0.0,baseline,0.6591760299625468,-0.24295851478066055,-0.34600946996496923,-0.16948252124248211,not_better,4
GOOGL,120,ewma,0.19546791939675834,inconclusive,0.6760299625468165,,,,,4
GOOGL,120,har,0.5354748979558838,inconclusive,0.6835205992509363,0.42261456908491046,0.3511506243197634,0.5011154940992699,inconclusive,4
GOOGL,120,garch,0.5912310081525853,inconclusive,0.6797752808988764,0.49191710100494956,0.41361354126719185,0.5973818278644061,inconclusive,4
META,5,naive,0.0,baseline,0.6537162162162162,-0.024687903077578177,-0.05315477079819052,0.007427507652495851,not_better,118
META,5,ewma,0.024093095081370475,inconclusive,0.6722972972972973,,,,,118
META,5,har,0.10632856030280202,better,0.6013513513513513,0.08426568641635768,0.04510726123535988,0.12549113438145246,better,118
META,5,garch,-0.21523333978148806,not_better,0.793918918918919,-0.24523490269065507,-0.3204366180510762,-0.17011672979225223,not_better,118
META,20,naive,0.0,baseline,0.6643835616438356,-0.11343532342818197,-0.1625604380516574,-0.04777588158233054,not_better,29
META,20,ewma,0.10187868216621987,better,0.684931506849315,,,,,29
META,20,har,0.21125763980882306,better,0.6866438356164384,0.12178639507902933,0.01734097250904771,0.22532577694058215,better,29
META,20,garch,-0.08156308501377829,not_better,0.8184931506849316,-0.20425054337029858,-0.4171870824987707,-0.015204850216294601,not_better,29
META,60,naive,0.0,baseline,0.7570921985815603,-0.22217663981337643,-0.3551878194687672,-0.12145005778094675,not_better,9
META,60,ewma,0.18178766683619663,better,0.7624113475177305,,,,,9
META,60,har,0.3523468933944228,better,0.8067375886524822,0.20845350240410132,0.08064163978067489,0.3387340766443148,better,9
META,60,garch,0.0634222145771054,inconclusive,0.9273049645390071,-0.1446634907120068,-0.5480440690486676,0.24149716917225403,not_better,9
META,120,naive,0.0,baseline,0.8146067415730337,-0.22386753218047373,-0.32969607857163785,-0.10601387318130108,not_better,4
META,120,ewma,0.18291810697978528,inconclusive,0.8539325842696629,,,,,4
META,120,har,0.47157449898737125,inconclusive,0.9232209737827716,0.3532771861344437,0.1608783603405084,0.5407695148297678,inconclusive,4
META,120,garch,0.17726445591243822,inconclusive,0.9812734082397003,-0.0069193199796036,-0.3691351800744365,0.37254386800644645,not_better,4
JPM,5,naive,0.0,baseline,0.6993243243243243,-0.011697310011672402,-0.04996606630324938,0.0290146797694911,not_better,118
JPM,5,ewma,0.011562064953535844,inconclusive,0.714527027027027,,,,,118
JPM,5,har,0.12679413855202637,better,0.643581081081081,0.11657997888665994,0.0684058628265227,0.16672679349919756,better,118
JPM,5,garch,0.06465894513901382,inconclusive,0.7347972972972973,0.053717970853660035,-0.0008784499638975217,0.10518368652872911,inconclusive,118
JPM,20,naive,0.0,baseline,0.6592465753424658,-0.030089671143325836,-0.09319776169515831,0.04435038782318164,not_better,29
JPM,20,ewma,0.029210729887164666,inconclusive,0.6678082191780822,,,,,29
JPM,20,har,0.16846573131135234,better,0.648972602739726,0.14344513862210495,0.04402891940149077,0.23078618155882114,better,29
JPM,20,garch,0.1560967751583603,inconclusive,0.7106164383561644,0.13070400464608312,-0.015572079787780248,0.2706047525169827,inconclusive,29
JPM,60,naive,0.0,baseline,0.7074468085106383,-0.08694118106747295,-0.16365058377815797,-0.012079876939873084,not_better,9
JPM,60,ewma,0.07998701547225295,better,0.7269503546099291,,,,,9
JPM,60,har,0.27429103091184526,better,0.675531914893617,0.21119703602806295,0.09532794252561379,0.30175840367586243,better,9
JPM,60,garch,0.36240364755076926,better,0.7163120567375887,0.3069702676245205,0.1323712167508697,0.44095369156731284,better,9
JPM,120,naive,0.0,baseline,0.5973782771535581,-0.12042594685046337,-0.2585106315882592,-0.0495341098257525,not_better,4
JPM,120,ewma,0.10748229027450029,inconclusive,0.6835205992509363,,,,,4
JPM,120,har,0.36392197006328375,inconclusive,0.599250936329588,0.2873216710373774,0.12461067153101552,0.40221647235677016,inconclusive,4
JPM,120,garch,0.5133504294661656,inconclusive,0.6666666666666666,0.45474519415025727,0.37227919483107597,0.5440190595880806,inconclusive,4
KO,5,naive,0.0,baseline,0.6739864864864865,-0.028622744875048234,-0.04910017673209821,-0.011487801727768625,not_better,118
KO,5,ewma,0.027826280351719523,better,0.6858108108108109,,,,,118
KO,5,har,0.10323433630629797,better,0.6131756756756757,0.07756644150168968,0.024756105775093854,0.12635229803710593,better,118
KO,5,garch,0.072627953741082,better,0.6807432432432432,0.046084020256761504,0.015600276586229133,0.07069721988484096,better,118
KO,20,naive,0.0,baseline,0.714041095890411,-0.0709391634109251,-0.1150568553261788,-0.04070065508181812,not_better,29
KO,20,ewma,0.06624014307683435,better,0.7054794520547946,,,,,29
KO,20,har,0.13498729808343635,better,0.690068493150685,0.07362402066965146,-0.05317165134621343,0.18118403666380498,inconclusive,29
KO,20,garch,0.17734296573118546,better,0.7208904109589042,0.11898436394604306,0.0019108383000535907,0.20188797409619838,better,29
KO,60,naive,0.0,baseline,0.4769503546099291,-0.10346740015595812,-0.17082383264088152,-0.0522566040775017,not_better,9
KO,60,ewma,0.09376570630118708,better,0.4929078014184397,,,,,9
KO,60,har,0.18483834101868646,better,0.49113475177304966,0.10049568345707216,-0.001980199420494773,0.33093037394432856,inconclusive,9
KO,60,garch,0.2514096780760525,better,0.5212765957446809,0.17395498368467,0.09619207257967641,0.4068345025103317,better,9
KO,120,naive,0.0,baseline,0.5468164794007491,-0.1203107549166964,-0.16922968103487443,-0.06507209664908888,not_better,4
KO,120,ewma,0.10739052034329755,inconclusive,0.5355805243445693,,,,,4
KO,120,har,0.3390651314313857,inconclusive,0.5112359550561798,0.25954755844312816,0.16891638139975143,0.5255394598248327,inconclusive,4
KO,120,garch,0.4204534789709532,inconclusive,0.5337078651685393,0.3507277995166035,0.368410646784068,0.5459724748149644,inconclusive,4
XOM,5,naive,0.0,baseline,0.643581081081081,-0.0076653386247076405,-0.032663900199301855,0.022230224652556984,not_better,118
XOM,5,ewma,0.007607028177797126,inconclusive,0.6503378378378378,,,,,118
XOM,5,har,0.04415242725486446,inconclusive,0.5945945945945946,0.03682553193616811,-0.009314633780133067,0.08144499799401621,inconclusive,118
XOM,5,garch,0.00853936101185715,inconclusive,0.668918918918919,0.0009394794809439722,-0.022502578778199,0.021839257856265202,inconclusive,118
XOM,20,naive,0.0,baseline,0.6917808219178082,-0.04910412542153053,-0.11886413513576824,0.012386293250686813,not_better,29
XOM,20,ewma,0.0468057690668221,inconclusive,0.696917808219178,,,,,29
XOM,20,har,0.06326716506066166,inconclusive,0.7003424657534246,0.017269718447334492,-0.06235640639524531,0.10125118430013091,inconclusive,29
XOM,20,garch,0.08700685205188685,inconclusive,0.7123287671232876,0.042175122006044674,-0.04783512665004696,0.10436911177868223,inconclusive,29
XOM,60,naive,0.0,baseline,0.7535460992907801,-0.04637345816406402,-0.08719144593881059,-0.008351267333393385,not_better,9
XOM,60,ewma,0.04431826686948803,better,0.7730496453900709,,,,,9
XOM,60,har,0.1651519281837014,better,0.774822695035461,0.1264371360519787,0.030120114472910985,0.20169160130312058,better,9
XOM,60,garch,0.1351396223478344,better,0.7925531914893617,0.09503305580702504,-0.03368353444063624,0.17736652643287643,inconclusive,9
XOM,120,naive,0.0,baseline,0.7471910112359551,-0.06569054644489936,-0.09503700300184509,-0.029890349826903605,not_better,4
XOM,120,ewma,0.06164129602541779,inconclusive,0.7715355805243446,,,,,4
XOM,120,har,0.2736109537036684,inconclusive,0.7846441947565543,0.2258940603208731,0.16578481023082817,0.292706671578623,inconclusive,4
XOM,120,garch,0.333500465535128,inconclusive,0.7902621722846442,0.2897177469108596,0.17706445576856825,0.4172841767861848,inconclusive,4
PFE,5,naive,0.0,baseline,0.7179054054054054,-0.05730201267912971,-0.09169005999205565,-0.02905827376752924,not_better,118
PFE,5,ewma,0.05419644717589289,better,0.7280405405405406,,,,,118
PFE,5,har,0.15827029205353815,better,0.6621621621621622,0.11003748565638993,0.07053957021503819,0.1543457399641665,better,118
PFE,5,garch,0.039345402839996324,inconclusive,0.7635135135135135,-0.0157020390667304,-0.05207173999206614,0.018945392481417234,not_better,118
PFE,20,naive,0.0,baseline,0.7671232876712328,-0.12472276603588162,-0.18238643059523396,-0.06610849667061161,not_better,29
PFE,20,ewma,0.11089200805943555,better,0.7893835616438356,,,,,29
PFE,20,har,0.28356959509192536,better,0.7756849315068494,0.19421441331958356,0.11614746727736215,0.2867510242813207,better,29
PFE,20,garch,0.17892977528606158,better,0.8236301369863014,0.07652362575003624,-0.040318970276840435,0.1806016679604684,inconclusive,29
PFE,60,naive,0.0,baseline,0.7712765957446809,-0.23325135332742009,-0.2851004212095482,-0.14220984020129396,not_better,9
PFE,60,ewma,0.18913529078892766,better,0.8085106382978723,,,,,9
PFE,60,har,0.4951425648940938,better,0.8280141843971631,0.37738388491823105,0.2571325791130815,0.4595780586060581,better,9
PFE,60,garch,0.39070697547459177,better,0.8705673758865248,0.2485885529310834,0.03654125984165203,0.4194240732362353,better,9
PFE,120,naive,0.0,baseline,0.900749063670412,-0.270235046087433,-0.3272347820215279,-0.1686307290239794,not_better,4
PFE,120,ewma,0.21274412709664137,inconclusive,0.9269662921348315,,,,,4
PFE,120,har,0.5710570361056647,inconclusive,0.9382022471910112,0.45514161448879886,0.429700514316427,0.55204156323785,inconclusive,4
PFE,120,garch,0.430299299802402,inconclusive,0.951310861423221,0.2763462048284613,0.1693298963968597,0.6629399998198496,inconclusive,4
JNJ,5,naive,0.0,baseline,0.6570945945945946,-0.030039437703376803,-0.056454944852790234,0.001953992992024154,not_better,118
JNJ,5,ewma,0.029163385986806567,inconclusive,0.6672297297297297,,,,,118
JNJ,5,har,0.1106831444439349,better,0.5625,0.08396856616289561,0.01806406716406243,0.1493071506455443,better,118
JNJ,5,garch,0.0913708535515525,better,0.6486486486486487,0.06407614491134184,0.02300275142501455,0.10927029835454419,better,118
JNJ,20,naive,0.0,baseline,0.5958904109589042,-0.09656512318324162,-0.16389235808371702,-0.03510956442862272,not_better,29
JNJ,20,ewma,0.0880614576751454,better,0.6044520547945206,,,,,29
JNJ,20,har,0.19075944342220874,better,0.5393835616438356,0.11261502939139922,0.002204426198536023,0.23489218559769967,better,29
JNJ,20,garch,0.23810743119303812,better,0.5684931506849316,0.16453518143379753,0.05524404183897135,0.2618889174309609,better,29
JNJ,60,naive,0.0,baseline,0.41134751773049644,-0.12859151074503172,-0.20428820935995676,-0.05845964050874864,not_better,9
JNJ,60,ewma,0.11393981748112125,better,0.4326241134751773,,,,,9
JNJ,60,har,0.2809051544224619,better,0.4148936170212766,0.18843566186068084,0.05899777404038457,0.40392999699451104,better,9
JNJ,60,garch,0.3237714529029456,better,0.4237588652482269,0.23681420242281748,0.13040832718743894,0.4249085995620665,better,9
JNJ,120,naive,0.0,baseline,0.5599250936329588,-0.14372579178578038,-0.26867969542272446,-0.09054798099652357,not_better,4
JNJ,120,ewma,0.12566455422970846,inconclusive,0.550561797752809,,,,,4
JNJ,120,har,0.5053214643281625,inconclusive,0.5580524344569289,0.4342234001092973,0.31307603025964337,0.6250943159519322,inconclusive,4
JNJ,120,garch,0.5152531266534549,inconclusive,0.552434456928839,0.44558249846604125,0.324931079401722,0.621587255348689,inconclusive,4
PG,5,naive,0.0,baseline,0.6858108108108109,-0.028691248726713248,-0.05577532687919823,-0.0024984180260532144,not_better,118
PG,5,ewma,0.027891020519739462,better,0.6976351351351351,,,,,118
PG,5,har,0.07220030589857418,better,0.6199324324324325,0.045580574106541705,-0.013434447863339452,0.11520260520058878,inconclusive,118
PG,5,garch,0.04336395592341136,inconclusive,0.714527027027027,0.015916873241870966,-0.013146980018982323,0.046969018370464445,inconclusive,118
PG,20,naive,0.0,baseline,0.8013698630136986,-0.06591578423408428,-0.10924998700832594,-0.01893261944838077,not_better,29
PG,20,ewma,0.06183957983270527,better,0.8082191780821918,,,,,29
PG,20,har,0.13230061213730415,better,0.7825342465753424,0.07510552650689961,-0.014224000291478666,0.1749463523999963,inconclusive,29
PG,20,garch,0.16147727007234103,better,0.8202054794520548,0.10620538673105406,0.017081429562076804,0.16778964909032762,better,29
PG,60,naive,0.0,baseline,0.8882978723404256,-0.08854916839472216,-0.13952793213211484,-0.029854121142756724,not_better,9
PG,60,ewma,0.08134604385882283,better,0.8882978723404256,,,,,9
PG,60,har,0.250951202792454,better,0.9184397163120568,0.1846235547126589,0.022467313933130145,0.2859730636506293,better,9
PG,60,garch,0.3107797332461296,better,0.9308510638297872,0.24974985178428577,0.05799207188800248,0.3688956241935196,better,9
PG,120,naive,0.0,baseline,0.9082397003745318,-0.1694785446715119,-0.18790984891963983,-0.04994041939269478,not_better,4
PG,120,ewma,0.1449180452635972,inconclusive,0.949438202247191,,,,,4
PG,120,har,0.4100912184897364,inconclusive,0.9588014981273408,0.310114336710432,0.193234930665517,0.4327006621584599,inconclusive,4
PG,120,garch,0.5229046022289128,inconclusive,0.9925093632958801,0.4420471685451929,0.33879864153365047,0.5578036705544099,inconclusive,4
WMT,5,naive,0.0,baseline,0.6908783783783784,-0.05134690066361203,-0.08197001266260587,-0.02364127123001537,not_better,118
WMT,5,ewma,0.048839161109622165,better,0.7212837837837838,,,,,118
WMT,5,har,0.14025501237805083,better,0.597972972972973,0.09610977190258818,0.030329654709072337,0.16268899257192182,better,118
WMT,5,garch,0.1198364693428301,better,0.7043918918918919,0.0746427999664423,0.03530818689044602,0.11999942575346054,better,118
WMT,20,naive,0.0,baseline,0.684931506849315,-0.053425808832563426,-0.10202751894121392,-0.0048234290096861795,not_better,29
WMT,20,ewma,0.05071625204604724,better,0.6952054794520548,,,,,29
WMT,20,har,0.13728725704699762,inconclusive,0.6027397260273972,0.09119613096457402,-0.07192012500549658,0.20111359659335334,inconclusive,29
WMT,20,garch,0.21765135453707196,better,0.666095890410959,0.17585374536415455,0.008415762418780948,0.295726028867275,better,29
WMT,60,naive,0.0,baseline,0.5319148936170213,-0.12965787626232528,-0.2276873814223693,-0.06684664122938662,not_better,9
WMT,60,ewma,0.11477623357199218,better,0.549645390070922,,,,,9
WMT,60,har,0.2994687312631604,better,0.4858156028368794,0.20863933470338947,0.056373774889939145,0.3385319976033564,better,9
WMT,60,garch,0.39667750229678733,better,0.5212765957446809,0.31845198854330714,0.16674172665222223,0.47467017065307454,better,9
WMT,120,naive,0.0,baseline,0.45880149812734083,-0.15483473068976372,-0.22127803063184853,-0.0885502424540149,not_better,4
WMT,120,ewma,0.13407522875354072,inconclusive,0.47752808988764045,,,,,4
WMT,120,har,0.4034075952698303,inconclusive,0.42134831460674155,0.311034370951876,0.19214209752381087,0.4699974976603028,inconclusive,4
WMT,120,garch,0.5231439564709611,inconclusive,0.4344569288389513,0.4493100793933562,0.36318739292459706,0.6155941072706771,inconclusive,4
UNH,5,naive,0.0,baseline,0.7043918918918919,-0.00361875684127666,-0.0300713439770576,0.023642751623407874,not_better,118
UNH,5,ewma,0.0036057086584013742,inconclusive,0.7415540540540541,,,,,118
UNH,5,har,0.1679549429963192,better,0.5743243243243243,0.16494397425403673,0.07572803882280718,0.24964933838146008,better,118
UNH,5,garch,0.12696438939038757,better,0.6908783783783784,0.12380508580181582,0.05357803741018331,0.1901399132391283,better,118
UNH,20,naive,0.0,baseline,0.6215753424657534,-0.08926916197518753,-0.1278841426853322,-0.05426524244057643,not_better,29
UNH,20,ewma,0.08195326287702343,better,0.6472602739726028,,,,,29
UNH,20,har,0.1417370537007676,inconclusive,0.5736301369863014,0.0651206397302797,-0.08440071339665743,0.23618272547238656,inconclusive,29
UNH,20,garch,0.11137127455500695,inconclusive,0.5907534246575342,0.03204413292745334,-0.12315112085483897,0.18881149297968444,inconclusive,29
UNH,60,naive,0.0,baseline,0.5691489361702128,-0.13463458520148452,-0.19944196383156887,-0.08722885354363805,not_better,9
UNH,60,ewma,0.11865898233445493,better,0.5851063829787234,,,,,9
UNH,60,har,0.0740832986266392,inconclusive,0.5088652482269503,-0.05057711239389007,-0.2320374740892614,0.21249108026773836,not_better,9
UNH,60,garch,0.028952138171803754,inconclusive,0.5390070921985816,-0.10178448791622396,-0.25003493380196545,0.11707474037558178,not_better,9
UNH,120,naive,0.0,baseline,0.47752808988764045,-0.12398810795107318,-0.21005704087260693,-0.08058777205986592,not_better,4
UNH,120,ewma,0.11031087168448084,inconclusive,0.5,,,,,4
UNH,120,har,-0.04981244258817319,not_better,0.45692883895131087,-0.17997670104817565,-0.4468699902468916,0.13729383943680043,not_better,4
UNH,120,garch,0.042580718753972846,inconclusive,0.45131086142322097,-0.07612788644359858,-0.32472784528697707,0.14423563154783484,not_better,4
XLE,5,naive,0.0,baseline,0.6165540540540541,2.324223611749332e-05,-0.03291980426065363,0.03629212131453896,inconclusive,118
XLE,5,ewma,-2.3242776331589e-05,not_better,0.6216216216216216,,,,,118
XLE,5,har,0.02714389026632258,inconclusive,0.5658783783783784,0.027166501617733374,-0.023697481182074723,0.07934570073008969,inconclusive,118
XLE,5,garch,-0.016900804397082636,not_better,0.6554054054054054,-0.016877169348478605,-0.042370972033204744,0.005015638457765245,not_better,118
XLE,20,naive,0.0,baseline,0.6797945205479452,-0.007273294269547703,-0.08249060076414402,0.0845559158812912,not_better,29
XLE,20,ewma,0.007220775444882754,inconclusive,0.6934931506849316,,,,,29
XLE,20,har,0.04471683440380603,inconclusive,0.6866438356164384,0.03776877882967977,-0.05809110988293192,0.13184795524102672,inconclusive,29
XLE,20,garch,0.018996631797084995,inconclusive,0.7226027397260274,0.011861505620727852,-0.09022277081943303,0.07260289630452632,inconclusive,29
XLE,60,naive,0.0,baseline,0.7429078014184397,0.0046621036181119235,-0.06255552447951845,0.0839904806815703,inconclusive,9
XLE,60,ewma,-0.004683940634691908,not_better,0.7535460992907801,,,,,9
XLE,60,har,0.10403788509712586,inconclusive,0.7606382978723404,0.10821495331470576,0.02384048397713442,0.19876683588081895,better,9
XLE,60,garch,0.057774702149193446,inconclusive,0.7943262411347518,0.062167454119380294,-0.04825478182983916,0.1516606237897068,inconclusive,9
XLE,120,naive,0.0,baseline,0.7340823970037453,-0.012060278887447318,-0.04954074567567761,0.056205331686427315,not_better,4
XLE,120,ewma,0.01191656182841705,inconclusive,0.7434456928838952,,,,,4
XLE,120,har,0.18897575001781342,inconclusive,0.7509363295880149,0.17919457137854544,0.07805564833910941,0.26831550451377706,inconclusive,4
XLE,120,garch,0.1760919420178998,inconclusive,0.7790262172284644,0.16615538106102068,0.05815708657022981,0.31495853119777334,inconclusive,4
TLT,5,naive,0.0,baseline,0.7077702702702703,-0.03577950286752718,-0.05811130839810458,-0.013901548485756515,not_better,118
TLT,5,ewma,0.034543551758335345,better,0.7111486486486487,,,,,118
TLT,5,har,0.08436282033828657,better,0.6993243243243243,0.05160177724296566,0.024926723512558188,0.07823102384332191,better,118
TLT,5,garch,-0.04479459130325836,not_better,0.7618243243243243,-0.08217682237877022,-0.12677853399240396,-0.046660130535841476,not_better,118
TLT,20,naive,0.0,baseline,0.7414383561643836,-0.08652303112318172,-0.13522912914206273,-0.03654873147838268,not_better,29
TLT,20,ewma,0.07963294715781533,better,0.75,,,,,29
TLT,20,har,0.051568743102397674,inconclusive,0.8047945205479452,-0.030492404056351896,-0.1893376365560373,0.07144184704278804,not_better,29
TLT,20,garch,0.0006946177623756711,inconclusive,0.8047945205479452,-0.0857683129265332,-0.2665345178468991,0.03422209231235684,not_better,29
TLT,60,naive,0.0,baseline,0.8102836879432624,-0.12985683436363837,-0.18614241365479636,-0.06076813181417092,not_better,9
TLT,60,ewma,0.11493211388748814,better,0.8156028368794326,,,,,9
TLT,60,har,-0.2257403861748437,not_better,0.9095744680851063,-0.3849111524751727,-0.6257442360966738,-0.07798316332008837,not_better,9
TLT,60,garch,-0.0866789182587333,not_better,0.8776595744680851,-0.22779160255351538,-0.5374587437288585,0.12069714227404703,not_better,9
TLT,120,naive,0.0,baseline,0.9288389513108615,-0.12708436260308464,-0.26055936387228473,-0.01161037184680819,not_better,4
TLT,120,ewma,0.11275496921062234,inconclusive,0.949438202247191,,,,,4
TLT,120,har,-0.5386651069095856,not_better,0.9906367041198502,-0.7342053812807974,-1.1787248771744256,-0.4529113742716219,not_better,4
TLT,120,garch,-0.25031575059530287,not_better,0.9775280898876404,-0.40921133081230443,-0.7089495777647781,-0.0858561131055677,not_better,4
GLD,5,naive,0.0,baseline,0.6706081081081081,-0.013616636087523393,-0.056662034645664425,0.024876344938240414,not_better,118
GLD,5,ewma,0.013433714091436344,inconclusive,0.6722972972972973,,,,,118
GLD,5,har,0.03408728840764652,inconclusive,0.5658783783783784,0.02093480652158064,-0.05540271293506587,0.10352874896414499,inconclusive,118
GLD,5,garch,0.09788127972110405,better,0.6418918918918919,0.08559745739932412,0.04845397546829326,0.12629638765032056,better,118
GLD,20,naive,0.0,baseline,0.6335616438356164,-0.07028431205150731,-0.12771594062045574,-0.012656605063005496,not_better,29
GLD,20,ewma,0.06566882393780693,better,0.6455479452054794,,,,,29
GLD,20,har,0.01255595611109439,inconclusive,0.5616438356164384,-0.056845869202995614,-0.19087896227438259,0.11134553887651208,not_better,29
GLD,20,garch,0.12034469940200831,better,0.5873287671232876,0.05851873175701672,-0.02677317389408872,0.18358560322192694,inconclusive,29
GLD,60,naive,0.0,baseline,0.5372340425531915,-0.1205654790003976,-0.18431955100372274,-0.05129409246081797,not_better,9
GLD,60,ewma,0.10759342605123645,better,0.5390070921985816,,,,,9
GLD,60,har,-0.030791623764630627,not_better,0.4024822695035461,-0.15506950963341115,-0.31970864014222933,0.15339861626482532,not_better,9
GLD,60,garch,0.10490263970858815,better,0.4219858156028369,-0.003015202286937413,-0.14316377979365974,0.2566740175924979,not_better,9
GLD,120,naive,0.0,baseline,0.3089887640449438,-0.12310668580323658,-0.16477429998943274,-0.08097778078555459,not_better,4
GLD,120,ewma,0.10961263730274362,inconclusive,0.2958801498127341,,,,,4
GLD,120,har,0.01926364299366312,inconclusive,0.149812734082397,-0.1014715595641269,-0.23716618987439092,-0.01766458828138018,not_better,4
GLD,120,garch,0.04470074758115372,inconclusive,0.14606741573033707,-0.07290297733443984,-0.1934605977916117,0.047337967311862024,not_better,4
